k	disease	niche	patient_n	mean_patient_proportion	sd_patient_proportion	median_patient_proportion	min_patient_proportion	max_patient_proportion
5	HC	N1	2	0.182899601490042	0.161189865976376	0.182899601490042	0.0689211541995957	0.296878048780488
5	HC	N2	2	0.295659558635653	0.0159372177343615	0.295659558635653	0.284390243902439	0.306928873368866
5	HC	N3	2	0.183385308475397	0.138068554158958	0.183385308475397	0.0857560975609756	0.281014519389818
5	HC	N4	2	0.196179414652077	0.0260989318450867	0.196179414652077	0.177724682962691	0.214634146341463
5	HC	N5	2	0.141876116746832	0.0332830259281432	0.141876116746832	0.118341463414634	0.16541077007903
5	IPF	N1	2	0.256666581006067	0.201004672142385	0.256666581006067	0.114534814284008	0.398798347728126
5	IPF	N2	2	0.16799234292907	0.0453332233917386	0.16799234292907	0.135936913255727	0.200047772602413
5	IPF	N3	2	0.148580641987175	0.158080850212565	0.148580641987175	0.0368006008261359	0.260360683148214
5	IPF	N4	2	0.233112988259251	0.00808279729135365	0.233112988259251	0.227397587483578	0.238828389034923
5	IPF	N5	2	0.193647445818437	0.00567339582943538	0.193647445818437	0.189635749155088	0.197659142481787
5	SSc-ILD	N1	3	0.182797522225257	0.124330015596033	0.162723121627231	0.0697261663286004	0.315943278719939
5	SSc-ILD	N2	3	0.212607524667441	0.0880322129681222	0.194409851944099	0.135096292037942	0.308316430020284
5	SSc-ILD	N3	3	0.188234126501991	0.0911145945425393	0.182233291822333	0.100268276324614	0.282200811359026
5	SSc-ILD	N4	3	0.21742803846408	0.0276210657077535	0.232758620689655	0.185541822362748	0.233983672339837
5	SSc-ILD	N5	3	0.198932788141231	0.0816827721450203	0.226650062266501	0.106997971602434	0.263150330554757
