k	niche	bin_n	full_chip_fraction	patient_coverage_n	disease_coverage_n	median_umi	mean_umi	q25_umi	q75_umi	below_one_percent	single_patient_only
12	N12	5084	0.0865037773089226	7	3	117	143.828088119591	85	165	FALSE	FALSE
12	N9	3840	0.0653372354182264	7	3	102	121.122916666667	74	143	FALSE	FALSE
12	N4	6292	0.107057782617573	7	3	138	188.339955499046	96	212	FALSE	FALSE
12	N8	6362	0.108248825971551	7	3	175	241.779943414021	113	307	FALSE	FALSE
12	N2	5249	0.0893112366432995	7	3	130	194.039626595542	87	196	FALSE	FALSE
12	N5	6315	0.10744912543388	7	3	134	190.012826603325	94	204	FALSE	FALSE
12	N7	5426	0.0923228748383584	7	3	138	177.354773313675	95	213	FALSE	FALSE
12	N3	5257	0.0894473558837542	7	3	147	205.926764314248	99	237	FALSE	FALSE
12	N1	3652	0.0621384332675424	7	3	98	111.99726177437	74	133	FALSE	FALSE
12	N10	3578	0.060879330293337	7	3	113	140.977361654556	79	161.75	FALSE	FALSE
12	N6	4179	0.0711052882324917	7	3	102	121.854749940177	76.5	142.5	FALSE	FALSE
12	N11	3538	0.0601987340910638	7	3	169	339.173261729791	103	359.75	FALSE	FALSE
