k	niche	descriptor	dominant_program	dominant_program_weight	second_program	second_program_weight	dominance_margin	top_3_reference18_states	naming_rule
12	N1	Mixed	Alveolar	0.266023459203214	Lymphoid	0.19666494945179	0.0693585097514242	AT1=0.218; B=0.103; Lymphatic endothelial=0.098	descriptor only if dominant broad-program weight >=0.35 and top-vs-second margin >=0.05; otherwise Mixed; descriptors are composition summaries, not cell identities
12	N2	Alveolar	Alveolar	0.364076490891618	Lymphoid	0.170094466800655	0.193982024090963	AT1=0.319; B=0.091; Blood endothelial=0.084	descriptor only if dominant broad-program weight >=0.35 and top-vs-second margin >=0.05; otherwise Mixed; descriptors are composition summaries, not cell identities
12	N3	Mixed	Alveolar	0.279910687224061	Fibrotic/stromal	0.200169376628527	0.0797413105955344	AT1=0.232; Fibroblast=0.129; B=0.111	descriptor only if dominant broad-program weight >=0.35 and top-vs-second margin >=0.05; otherwise Mixed; descriptors are composition summaries, not cell identities
12	N4	Mixed	Alveolar	0.314270247043824	Vascular	0.221063519222206	0.0932067278216184	AT1=0.274; Lymphatic endothelial=0.152; B=0.091	descriptor only if dominant broad-program weight >=0.35 and top-vs-second margin >=0.05; otherwise Mixed; descriptors are composition summaries, not cell identities
12	N5	Mixed	Alveolar	0.285265890291039	Vascular	0.225545297688509	0.05972059260253	AT1=0.237; Blood endothelial=0.132; B=0.106	descriptor only if dominant broad-program weight >=0.35 and top-vs-second margin >=0.05; otherwise Mixed; descriptors are composition summaries, not cell identities
12	N6	Mixed	Lymphoid	0.230409614448167	Alveolar	0.204409250064339	0.0260003643838274	AT1=0.154; B=0.118; Lymphatic endothelial=0.109	descriptor only if dominant broad-program weight >=0.35 and top-vs-second margin >=0.05; otherwise Mixed; descriptors are composition summaries, not cell identities
12	N7	Mixed	Alveolar	0.253286120033725	Lymphoid	0.22443421256303	0.0288519074706952	AT1=0.212; Lymphatic endothelial=0.151; B=0.149	descriptor only if dominant broad-program weight >=0.35 and top-vs-second margin >=0.05; otherwise Mixed; descriptors are composition summaries, not cell identities
12	N8	Mixed	Alveolar	0.32284544571559	Lymphoid	0.210796807010756	0.112048638704834	AT1=0.288; B=0.145; Lymphatic endothelial=0.104	descriptor only if dominant broad-program weight >=0.35 and top-vs-second margin >=0.05; otherwise Mixed; descriptors are composition summaries, not cell identities
12	N9	Mixed	Vascular	0.253712887141794	Alveolar	0.233355427672815	0.0203574594689785	Lymphatic endothelial=0.186; AT1=0.184; B=0.089	descriptor only if dominant broad-program weight >=0.35 and top-vs-second margin >=0.05; otherwise Mixed; descriptors are composition summaries, not cell identities
12	N10	Mixed	Lymphoid	0.262242332061058	Alveolar	0.25001732066181	0.012225011399248	AT1=0.202; B=0.182; Blood endothelial=0.082	descriptor only if dominant broad-program weight >=0.35 and top-vs-second margin >=0.05; otherwise Mixed; descriptors are composition summaries, not cell identities
12	N11	Mixed	Alveolar	0.264666608118389	Lymphoid	0.205153448860383	0.0595131592580061	AT1=0.235; Ciliated epithelial=0.153; B=0.123	descriptor only if dominant broad-program weight >=0.35 and top-vs-second margin >=0.05; otherwise Mixed; descriptors are composition summaries, not cell identities
12	N12	Mixed	Alveolar	0.272628467243371	Fibrotic/stromal	0.201277857349997	0.0713506098933741	AT1=0.230; Perivascular/mesothelial stromal=0.111; B=0.102	descriptor only if dominant broad-program weight >=0.35 and top-vs-second margin >=0.05; otherwise Mixed; descriptors are composition summaries, not cell identities
