patient	disease_group	chain	productive_clonotypes	productive_airr_records	nonproductive_airr_records	nonproductive_records_with_cdr3
HC/NL-66	HC	IGH	2	2	0	0
HC/NL-66	HC	IGK	9	9	0	0
HC/NL-66	HC	IGL	6	6	0	0
HC/NL-72	HC	IGH	4	4	0	0
HC/NL-72	HC	IGK	3	4	0	0
HC/NL-72	HC	IGL	1	1	0	0
IPF/FO23-1-06168	IPF	IGH	1	1	0	0
IPF/FO23-1-06168	IPF	IGK	2	2	0	0
IPF/FO23-1-06168	IPF	IGL	1	1	0	0
IPF/FO23-1-06170	IPF	IGH	2	2	0	0
IPF/FO23-1-06170	IPF	IGK	2	3	0	0
IPF/FO23-1-06170	IPF	IGL	1	1	0	0
SSC/05957/17B	SSc-ILD	IGH	1	1	0	0
SSC/05957/17B	SSc-ILD	IGK	3	3	0	0
SSC/05957/17B	SSc-ILD	IGL	1	1	0	0
SSC/07998/15A	SSc-ILD	IGH	1	1	0	0
SSC/07998/15A	SSc-ILD	IGK	3	4	0	0
SSC/07998/15A	SSc-ILD	IGL	0	0	0	0
SSC/15491/14	SSc-ILD	IGH	3	3	0	0
SSC/15491/14	SSc-ILD	IGK	4	4	0	0
SSC/15491/14	SSc-ILD	IGL	5	5	0	0
