k	niche	reference18_state	mean_neighbor_weight	sd_neighbor_weight	bin_n
9	N1	Alveolar/resident macrophage	0.0105438570751212	0.0118058031714691	6038
9	N1	Inflammatory monocyte/macrophage	0.0110753252909725	0.0120026645655576	6038
9	N1	Dendritic cell	0.0184975697449956	0.0145831657120622	6038
9	N1	T	0.0300606816610419	0.0210728014901616	6038
9	N1	NK	0.0193109606421291	0.01798293954839	6038
9	N1	Mast/Basophil	0.0295010916752701	0.0193721545129045	6038
9	N1	B	0.113190094795449	0.0283013497044315	6038
9	N1	Ciliated epithelial	0.0747994708208679	0.0229156809344496	6038
9	N1	AT2/alveolar transitional	0.0474943326078997	0.0237034293156936	6038
9	N1	Secretory/other airway epithelial	0.00932054211587012	0.010038115153353	6038
9	N1	AT1	0.229813674554332	0.0311767113227034	6038
9	N1	Blood endothelial	0.0724306373389216	0.0249623521042542	6038
9	N1	Perivascular/mesothelial stromal	0.0507008749449961	0.0230521431309654	6038
9	N1	Fibroblast	0.127243999718883	0.027855573392329	6038
9	N1	Lymphatic endothelial	0.105740611582259	0.0293107801555769	6038
9	N1	Plasma	0.0026468903150978	0.00394319689109418	6038
9	N1	Basal-like epithelial	0.027057092978853	0.024787818391729	6038
9	N1	Myofibroblast	0.0205722921370409	0.0152164897862766	6038
9	N2	Alveolar/resident macrophage	0.0119301269055656	0.0132564734145633	5174
9	N2	Inflammatory monocyte/macrophage	0.0124731820587558	0.0142014182933562	5174
9	N2	Dendritic cell	0.0204216585218748	0.0179212099492469	5174
9	N2	T	0.0380121081190252	0.0284734956435048	5174
9	N2	NK	0.0263722667782206	0.0236562509826482	5174
9	N2	Mast/Basophil	0.0366483429011158	0.0266756756309093	5174
9	N2	B	0.137589606126668	0.0374535654223647	5174
9	N2	Ciliated epithelial	0.0944277423233866	0.0311081534532786	5174
9	N2	AT2/alveolar transitional	0.0508590351111564	0.0241520894844202	5174
9	N2	Secretory/other airway epithelial	0.0114170732844055	0.0127804179627853	5174
9	N2	AT1	0.157223793971015	0.0305821503844379	5174
9	N2	Blood endothelial	0.0848724081053661	0.0328678018000134	5174
9	N2	Perivascular/mesothelial stromal	0.0699582765559534	0.0333206301298094	5174
9	N2	Fibroblast	0.0757569109633843	0.0302823391921095	5174
9	N2	Lymphatic endothelial	0.0987972081304684	0.0304809596139424	5174
9	N2	Plasma	0.0021898015437175	0.00280507501780115	5174
9	N2	Basal-like epithelial	0.0450181692763466	0.0362870743242822	5174
9	N2	Myofibroblast	0.0260322893235746	0.018893579774667	5174
9	N3	Alveolar/resident macrophage	0.0102113778482819	0.0107274497046856	7015
9	N3	Inflammatory monocyte/macrophage	0.0105643870534753	0.0121298770069651	7015
9	N3	Dendritic cell	0.0169279327042846	0.0143587228676821	7015
9	N3	T	0.0251561330799843	0.0196568453251245	7015
9	N3	NK	0.0170751783193329	0.0164216473564833	7015
9	N3	Mast/Basophil	0.0266894975074106	0.018267056707457	7015
9	N3	B	0.16968305617425	0.0315317982894412	7015
9	N3	Ciliated epithelial	0.073787001847665	0.0230573715332871	7015
9	N3	AT2/alveolar transitional	0.0418125998519709	0.0214208902013769	7015
9	N3	Secretory/other airway epithelial	0.00939455052098776	0.0101659502908796	7015
9	N3	AT1	0.237533023248769	0.0304726782422646	7015
9	N3	Blood endothelial	0.0727501493304864	0.0268720602950367	7015
9	N3	Perivascular/mesothelial stromal	0.0603693274247539	0.026044090572211	7015
9	N3	Fibroblast	0.0695294670534138	0.0240884700173356	7015
9	N3	Lymphatic endothelial	0.103106422872948	0.0303756194046861	7015
9	N3	Plasma	0.00213849600971002	0.00278863533649576	7015
9	N3	Basal-like epithelial	0.0279644601013064	0.0243674765038759	7015
9	N3	Myofibroblast	0.0253069390509693	0.0163120160344426	7015
9	N4	Alveolar/resident macrophage	0.0110332800676397	0.0119164180474964	6289
9	N4	Inflammatory monocyte/macrophage	0.0119504272156885	0.0133279824244019	6289
9	N4	Dendritic cell	0.0210805210633344	0.0171686941383589	6289
9	N4	T	0.039932415499722	0.0277672147162545	6289
9	N4	NK	0.0243304717279312	0.0234862341653302	6289
9	N4	Mast/Basophil	0.0354019236237971	0.0234383245764392	6289
9	N4	B	0.0948642208794658	0.0280775507387173	6289
9	N4	Ciliated epithelial	0.0802856314249489	0.025942081683593	6289
9	N4	AT2/alveolar transitional	0.0440483365470613	0.0221574881246793	6289
9	N4	Secretory/other airway epithelial	0.0101634103422285	0.0134829840502968	6289
9	N4	AT1	0.229567203500481	0.0306073952437927	6289
9	N4	Blood endothelial	0.066423568951426	0.0249292588691495	6289
9	N4	Perivascular/mesothelial stromal	0.100873411995886	0.032832175874929	6289
9	N4	Fibroblast	0.0652315794004973	0.0248872951228827	6289
9	N4	Lymphatic endothelial	0.09946720936241	0.0285970330961572	6289
9	N4	Plasma	0.00215094939843881	0.00260916814556009	6289
9	N4	Basal-like epithelial	0.03802590047463	0.0308143610252593	6289
9	N4	Myofibroblast	0.0251695385244139	0.0181984118943607	6289
9	N5	Alveolar/resident macrophage	0.00912324500025515	0.0126038482353235	4372
9	N5	Inflammatory monocyte/macrophage	0.00972888643427196	0.0107813588666931	4372
9	N5	Dendritic cell	0.0157188715037907	0.0132938824869937	4372
9	N5	T	0.031007386439151	0.0226523661258332	4372
9	N5	NK	0.0224370907738424	0.019499990509712	4372
9	N5	Mast/Basophil	0.0282208442339087	0.0199282548844753	4372
9	N5	B	0.122859998612862	0.0300193491652573	4372
9	N5	Ciliated epithelial	0.148234910979586	0.0375569357183792	4372
9	N5	AT2/alveolar transitional	0.0303739109099847	0.0162246738276982	4372
9	N5	Secretory/other airway epithelial	0.0102280437152369	0.0107784885466926	4372
9	N5	AT1	0.23076840405436	0.0328215345796853	4372
9	N5	Blood endothelial	0.0659930116315412	0.0241630308595617	4372
9	N5	Perivascular/mesothelial stromal	0.0526630237062542	0.021936631441507	4372
9	N5	Fibroblast	0.0712887242947946	0.0231220342070475	4372
9	N5	Lymphatic endothelial	0.109542018757938	0.028569036561102	4372
9	N5	Plasma	0.00208685752207555	0.002493131894489	4372
9	N5	Basal-like epithelial	0.0179822387101757	0.0180077677200633	4372
9	N5	Myofibroblast	0.0217425327199709	0.0152583992915199	4372
9	N6	Alveolar/resident macrophage	0.0111203888779958	0.0126774129247102	6326
9	N6	Inflammatory monocyte/macrophage	0.0116113308348911	0.0138511579453857	6326
9	N6	Dendritic cell	0.0193954227334369	0.0164025308251824	6326
9	N6	T	0.0340470010017006	0.0259862473407755	6326
9	N6	NK	0.02320524825401	0.0224498758495416	6326
9	N6	Mast/Basophil	0.0324080875665656	0.0229714216958953	6326
9	N6	B	0.105603629577755	0.0345394782403976	6326
9	N6	Ciliated epithelial	0.084535690432267	0.0282873888831466	6326
9	N6	AT2/alveolar transitional	0.047755127492948	0.023292790236189	6326
9	N6	Secretory/other airway epithelial	0.0107358176501205	0.0126011462196205	6326
9	N6	AT1	0.184765742269415	0.0324550743866835	6326
9	N6	Blood endothelial	0.0683281899622211	0.0297050545256553	6326
9	N6	Perivascular/mesothelial stromal	0.0580165940319658	0.0278379493851512	6326
9	N6	Fibroblast	0.0702915588618908	0.0290658299301731	6326
9	N6	Lymphatic endothelial	0.175547675807291	0.0368304138322985	6326
9	N6	Plasma	0.00223489596617946	0.00293225231039425	6326
9	N6	Basal-like epithelial	0.0351509967572857	0.0312034643880893	6326
9	N6	Myofibroblast	0.0252466019220601	0.0184560988854516	6326
9	N7	Alveolar/resident macrophage	0.0109491306916707	0.0124841520819411	7181
9	N7	Inflammatory monocyte/macrophage	0.0112076539418915	0.0121042827097515	7181
9	N7	Dendritic cell	0.0188602328610854	0.0148741595348829	7181
9	N7	T	0.0304929131501355	0.0226784317806734	7181
9	N7	NK	0.0187546326527294	0.0180352006283553	7181
9	N7	Mast/Basophil	0.030092575181679	0.0200237521994062	7181
9	N7	B	0.103439360611303	0.0281294565062237	7181
9	N7	Ciliated epithelial	0.0752643830776953	0.0248985068776589	7181
9	N7	AT2/alveolar transitional	0.0485983119597313	0.0236218235962747	7181
9	N7	Secretory/other airway epithelial	0.00976891001851185	0.0104085039641082	7181
9	N7	AT1	0.234765114597278	0.031336911590254	7181
9	N7	Blood endothelial	0.130069626058843	0.0296504993099139	7181
9	N7	Perivascular/mesothelial stromal	0.0562583819957515	0.0245682620687079	7181
9	N7	Fibroblast	0.071857741858797	0.0246298859712392	7181
9	N7	Lymphatic endothelial	0.092221057735406	0.0295603474517496	7181
9	N7	Plasma	0.0021039489602566	0.00278953202719794	7181
9	N7	Basal-like epithelial	0.0301939511084566	0.0258761675340958	7181
9	N7	Myofibroblast	0.0251020735387783	0.0168343222722414	7181
9	N8	Alveolar/resident macrophage	0.0103945804137234	0.0112133626568502	8306
9	N8	Inflammatory monocyte/macrophage	0.0104223300159974	0.0117758444519788	8306
9	N8	Dendritic cell	0.0178343995066819	0.0151483391058882	8306
9	N8	T	0.0280350964710063	0.021017934722117	8306
9	N8	NK	0.0161638161675974	0.015959449097563	8306
9	N8	Mast/Basophil	0.0271389171170268	0.0187263552538436	8306
9	N8	B	0.107202216393753	0.0304709026638779	8306
9	N8	Ciliated epithelial	0.0692394146658152	0.0232352266783422	8306
9	N8	AT2/alveolar transitional	0.0413176644227898	0.0227642591547159	8306
9	N8	Secretory/other airway epithelial	0.00836046485818985	0.00943640408577254	8306
9	N8	AT1	0.31363260446335	0.0341127714270761	8306
9	N8	Blood endothelial	0.0812183570714347	0.027864340273587	8306
9	N8	Perivascular/mesothelial stromal	0.0555377210813748	0.0246837916634617	8306
9	N8	Fibroblast	0.0775086657785461	0.0265853761170804	8306
9	N8	Lymphatic endothelial	0.0863534086622457	0.026821773802987	8306
9	N8	Plasma	0.00191188603907937	0.00246447953013189	8306
9	N8	Basal-like epithelial	0.023481419461378	0.021890568806926	8306
9	N8	Myofibroblast	0.0242470374100104	0.0170389821785091	8306
9	N9	Alveolar/resident macrophage	0.00968643454921538	0.0106222170995146	8071
9	N9	Inflammatory monocyte/macrophage	0.010229050346146	0.0112449420190921	8071
9	N9	Dendritic cell	0.0173853746152541	0.0134396417851378	8071
9	N9	T	0.0286329835543337	0.0205137454881051	8071
9	N9	NK	0.0170320154415342	0.0155418448513726	8071
9	N9	Mast/Basophil	0.0278181205240059	0.0179795586466863	8071
9	N9	B	0.102989756206585	0.0282664161486733	8071
9	N9	Ciliated epithelial	0.0734436849001123	0.0228686687988125	8071
9	N9	AT2/alveolar transitional	0.0391562490913055	0.0200150220304279	8071
9	N9	Secretory/other airway epithelial	0.0093196005726112	0.00980396535270703	8071
9	N9	AT1	0.270767318573989	0.0272371241928942	8071
9	N9	Blood endothelial	0.0678239617552018	0.025520836542257	8071
9	N9	Perivascular/mesothelial stromal	0.0543757553416476	0.0232436174679831	8071
9	N9	Fibroblast	0.0702070314538187	0.0239646987257806	8071
9	N9	Lymphatic endothelial	0.152445945087845	0.0261116289118064	8071
9	N9	Plasma	0.00200973282101072	0.00237290346777026	8071
9	N9	Basal-like epithelial	0.0230585056478046	0.0209707723226397	8071
9	N9	Myofibroblast	0.0236184795175782	0.0152321812686459	8071
