k	patient_id	disease	niche	N	patient_evaluable_bin_n	proportion
9	HC/NL-55	HC	N1	769	10250	0.0750243902439024
9	HC/NL-55	HC	N2	442	10250	0.0431219512195122
9	HC/NL-55	HC	N3	1434	10250	0.13990243902439
9	HC/NL-55	HC	N4	876	10250	0.0854634146341464
9	HC/NL-55	HC	N5	1395	10250	0.13609756097561
9	HC/NL-55	HC	N6	754	10250	0.0735609756097561
9	HC/NL-55	HC	N7	748	10250	0.0729756097560976
9	HC/NL-55	HC	N8	1794	10250	0.175024390243902
9	HC/NL-55	HC	N9	2038	10250	0.198829268292683
9	HC/NL-63	HC	N1	596	5441	0.109538687741224
9	HC/NL-63	HC	N2	925	5441	0.170005513692336
9	HC/NL-63	HC	N3	651	5441	0.119647123690498
9	HC/NL-63	HC	N4	720	5441	0.132328616063224
9	HC/NL-63	HC	N5	819	5441	0.150523800771917
9	HC/NL-63	HC	N6	700	5441	0.128652821172579
9	HC/NL-63	HC	N7	489	5441	0.0898731850762728
9	HC/NL-63	HC	N8	178	5441	0.0327145745267414
9	HC/NL-63	HC	N9	363	5441	0.0667156772652086
9	IPF/FO23-1-03100	IPF	N1	775	8373	0.0925594171742506
9	IPF/FO23-1-03100	IPF	N2	1206	8373	0.144034396273737
9	IPF/FO23-1-03100	IPF	N3	885	8373	0.105696882837693
9	IPF/FO23-1-03100	IPF	N4	1267	8373	0.151319718141646
9	IPF/FO23-1-03100	IPF	N5	666	8373	0.0795413830168398
9	IPF/FO23-1-03100	IPF	N6	1268	8373	0.151439149647677
9	IPF/FO23-1-03100	IPF	N7	921	8373	0.109996417054819
9	IPF/FO23-1-03100	IPF	N8	495	8373	0.0591185954854891
9	IPF/FO23-1-03100	IPF	N9	890	8373	0.106294040367849
9	IPF/FO23-1-09473	IPF	N1	418	2663	0.156965828013519
9	IPF/FO23-1-09473	IPF	N2	39	2663	0.0146451370634623
9	IPF/FO23-1-09473	IPF	N3	180	2663	0.0675929402929028
9	IPF/FO23-1-09473	IPF	N4	128	2663	0.0480660908749531
9	IPF/FO23-1-09473	IPF	N5	88	2663	0.0330454374765302
9	IPF/FO23-1-09473	IPF	N6	179	2663	0.0672174239579422
9	IPF/FO23-1-09473	IPF	N7	353	2663	0.132557266241081
9	IPF/FO23-1-09473	IPF	N8	656	2663	0.246338715734134
9	IPF/FO23-1-09473	IPF	N9	622	2663	0.233571160345475
9	SSC/23-105334B1	SSc-ILD	N1	2390	20874	0.114496502826483
9	SSC/23-105334B1	SSc-ILD	N2	1190	20874	0.05700871898055
9	SSC/23-105334B1	SSc-ILD	N3	2609	20874	0.124988023378365
9	SSC/23-105334B1	SSc-ILD	N4	1986	20874	0.0951422822650187
9	SSC/23-105334B1	SSc-ILD	N5	268	20874	0.0128389383922583
9	SSC/23-105334B1	SSc-ILD	N6	1679	20874	0.0804349908977676
9	SSC/23-105334B1	SSc-ILD	N7	3422	20874	0.163935996933985
9	SSC/23-105334B1	SSc-ILD	N8	4405	20874	0.211028073201111
9	SSC/23-105334B1	SSc-ILD	N9	2925	20874	0.140126473124461
9	SSC/FO20-I-08293B1	SSc-ILD	N1	259	3944	0.0656693711967546
9	SSC/FO20-I-08293B1	SSc-ILD	N2	660	3944	0.167342799188641
9	SSC/FO20-I-08293B1	SSc-ILD	N3	514	3944	0.130324543610548
9	SSC/FO20-I-08293B1	SSc-ILD	N4	373	3944	0.0945740365111562
9	SSC/FO20-I-08293B1	SSc-ILD	N5	673	3944	0.170638945233266
9	SSC/FO20-I-08293B1	SSc-ILD	N6	714	3944	0.181034482758621
9	SSC/FO20-I-08293B1	SSc-ILD	N7	242	3944	0.0613590263691684
9	SSC/FO20-I-08293B1	SSc-ILD	N8	134	3944	0.0339756592292089
9	SSC/FO20-I-08293B1	SSc-ILD	N9	375	3944	0.0950811359026369
9	SSC/FO21-1-01756B1	SSc-ILD	N1	831	7227	0.114985471149855
9	SSC/FO21-1-01756B1	SSc-ILD	N2	712	7227	0.0985194409851944
9	SSC/FO21-1-01756B1	SSc-ILD	N3	742	7227	0.102670541026705
9	SSC/FO21-1-01756B1	SSc-ILD	N4	939	7227	0.129929431299294
9	SSC/FO21-1-01756B1	SSc-ILD	N5	463	7227	0.0640653106406531
9	SSC/FO21-1-01756B1	SSc-ILD	N6	1032	7227	0.142797841427978
9	SSC/FO21-1-01756B1	SSc-ILD	N7	1006	7227	0.139200221392002
9	SSC/FO21-1-01756B1	SSc-ILD	N8	644	7227	0.0891102808911028
9	SSC/FO21-1-01756B1	SSc-ILD	N9	858	7227	0.118721461187215
