k	seed_index	seed	fit_success	converged	iter	ifault	tot_withinss	betweenss_fraction	warning	error
9	1	20270009	TRUE	TRUE	13	0	409.329089269525	0.309803942663126	""	
9	2	20270010	TRUE	TRUE	12	0	408.03980089549	0.311977894566026	""	
9	3	20270011	TRUE	FALSE	5	4	408.398045593969	0.311373835179741	Quick-TRANSfer stage steps exceeded maximum (= 2938600)	
9	4	20270012	TRUE	TRUE	12	0	409.390238768839	0.309700834566387	""	
9	5	20270013	TRUE	TRUE	9	0	408.039847939825	0.311977815241552	""	
9	6	20270014	TRUE	TRUE	8	0	408.038903883783	0.311979407075056	""	
9	7	20270015	TRUE	TRUE	10	0	409.329906437129	0.309802564784366	""	
9	8	20270016	TRUE	TRUE	15	0	408.046337029389	0.311966873571023	""	
9	9	20270017	TRUE	TRUE	9	0	408.038902164499	0.311979409974049	""	
9	10	20270018	TRUE	TRUE	11	0	408.326003593221	0.311495309822474	""	
9	11	20270019	TRUE	TRUE	9	0	408.038757335573	0.311979654179401	""	
9	12	20270020	TRUE	TRUE	11	0	409.430302472852	0.309633280582864	""	
9	13	20270021	TRUE	TRUE	15	0	408.039882275477	0.311977757346004	""	
9	14	20270022	TRUE	TRUE	16	0	408.038626990978	0.311979873961791	""	
9	15	20270023	TRUE	TRUE	8	0	408.327891639144	0.311492126267027	""	
9	16	20270024	TRUE	TRUE	7	0	408.038394146261	0.311980266576217	""	
9	17	20270025	TRUE	TRUE	13	0	408.316762483063	0.311510891851614	""	
9	18	20270026	TRUE	TRUE	12	0	408.038815676543	0.311979555806945	""	
9	19	20270027	TRUE	TRUE	15	0	408.038626990978	0.311979873961791	""	
9	20	20270028	TRUE	TRUE	9	0	408.038882440969	0.31197944323116	""	
