k	patient_id	disease	niche	bin_n	median_umi	mean_umi	q25_umi	q75_umi
11	HC/NL-55	HC	N1	742	120	165.853099730458	86	209
11	HC/NL-55	HC	N5	535	87	101.472897196262	69	114.5
11	HC/NL-55	HC	N9	1229	169	203.765663140765	102	279
11	HC/NL-55	HC	N4	1053	201	247.321937321937	99	327
11	HC/NL-55	HC	N11	707	135	180.954738330976	88	240
11	HC/NL-55	HC	N10	775	124	166.443870967742	86.5	210.5
11	HC/NL-55	HC	N7	714	238	274.843137254902	151.25	348
11	HC/NL-55	HC	N6	2428	277	307.177924217463	175	386
11	HC/NL-55	HC	N8	291	89	113.395189003436	69	125.5
11	HC/NL-55	HC	N2	1337	409	642.893792071803	273	769
11	HC/NL-55	HC	N3	439	109	149.671981776765	78.5	170
11	HC/NL-63	HC	N1	671	140	180.555886736215	94	216
11	HC/NL-63	HC	N6	358	179	242.08938547486	108.25	267
11	HC/NL-63	HC	N9	334	127.5	155.266467065868	84	188.75
11	HC/NL-63	HC	N11	417	158	177.717026378897	99	228
11	HC/NL-63	HC	N8	843	112	134.219454329775	79	163
11	HC/NL-63	HC	N2	687	145	189.901018922853	104	225.5
11	HC/NL-63	HC	N10	541	120	155.330868761553	88	177
11	HC/NL-63	HC	N7	541	227	278.879852125693	126	363
11	HC/NL-63	HC	N3	639	131	160.901408450704	88	196
11	HC/NL-63	HC	N4	116	114.5	171.241379310345	87.75	164.25
11	HC/NL-63	HC	N5	294	93	107.47619047619	72.5	126.25
11	IPF/FO23-1-03100	IPF	N8	1180	97	106.622033898305	75	125
11	IPF/FO23-1-03100	IPF	N7	691	103	115.151953690304	79	132.5
11	IPF/FO23-1-03100	IPF	N11	784	104	117.554846938776	80	135
11	IPF/FO23-1-03100	IPF	N1	1031	107	116.225024248303	82	135
11	IPF/FO23-1-03100	IPF	N10	952	102	110.822478991597	79	132
11	IPF/FO23-1-03100	IPF	N9	904	106	116.53982300885	84	139
11	IPF/FO23-1-03100	IPF	N6	557	112	120.574506283662	88	140
11	IPF/FO23-1-03100	IPF	N3	784	103	113.742346938776	79	133
11	IPF/FO23-1-03100	IPF	N4	404	101	111.715346534653	79.75	128
11	IPF/FO23-1-03100	IPF	N5	557	93	104.892280071813	71	122
11	IPF/FO23-1-03100	IPF	N2	529	108	122.576559546314	85	138
11	IPF/FO23-1-09473	IPF	N6	369	382	460.628726287263	236	575
11	IPF/FO23-1-09473	IPF	N10	214	189.5	229.177570093458	127.5	295.25
11	IPF/FO23-1-09473	IPF	N9	445	378	466.148314606742	211	619
11	IPF/FO23-1-09473	IPF	N1	142	184.5	263.823943661972	125	306.5
11	IPF/FO23-1-09473	IPF	N11	373	546	613.233243967829	346	797
11	IPF/FO23-1-09473	IPF	N8	25	169	191.24	89	206
11	IPF/FO23-1-09473	IPF	N2	67	192	322.641791044776	127	337
11	IPF/FO23-1-09473	IPF	N5	46	118	147.978260869565	88.75	163.75
11	IPF/FO23-1-09473	IPF	N4	512	643.5	732.640625	418.5	975.75
11	IPF/FO23-1-09473	IPF	N3	50	151.5	202.36	110	242.75
11	IPF/FO23-1-09473	IPF	N7	420	409	472.6	232	610.5
11	SSC/23-105334B1	SSc-ILD	N3	1455	106	131.729896907217	72	151
11	SSC/23-105334B1	SSc-ILD	N5	1628	105	115.989557739558	74	145
11	SSC/23-105334B1	SSc-ILD	N10	1476	99	111.678184281843	70	140
11	SSC/23-105334B1	SSc-ILD	N11	3100	127	136.286774193548	92	169
11	SSC/23-105334B1	SSc-ILD	N9	2471	123	135.54593282072	89	167
11	SSC/23-105334B1	SSc-ILD	N6	2327	129	141.350666093683	90	174
11	SSC/23-105334B1	SSc-ILD	N1	1608	114	123.103233830846	82	150
11	SSC/23-105334B1	SSc-ILD	N8	721	91	103.084604715673	67	126
11	SSC/23-105334B1	SSc-ILD	N4	3698	129	138.523255813953	88	173
11	SSC/23-105334B1	SSc-ILD	N2	223	72	86.8609865470852	59	103
11	SSC/23-105334B1	SSc-ILD	N7	2167	127	137.758191047531	90	170.5
11	SSC/FO20-I-08293B1	SSc-ILD	N2	546	167.5	203.300366300366	115	245.5
11	SSC/FO20-I-08293B1	SSc-ILD	N5	139	112	130.043165467626	85.5	150
11	SSC/FO20-I-08293B1	SSc-ILD	N8	711	123	147.188466947961	85.5	174
11	SSC/FO20-I-08293B1	SSc-ILD	N3	462	140.5	168.642857142857	95	201.75
11	SSC/FO20-I-08293B1	SSc-ILD	N10	569	140	180.351493848858	103	214
11	SSC/FO20-I-08293B1	SSc-ILD	N11	208	146.5	186.235576923077	98.75	223.25
11	SSC/FO20-I-08293B1	SSc-ILD	N9	319	145	173.567398119122	98	219
11	SSC/FO20-I-08293B1	SSc-ILD	N1	316	143.5	171.705696202532	100.75	203.25
11	SSC/FO20-I-08293B1	SSc-ILD	N6	328	218.5	266.951219512195	142.5	343
11	SSC/FO20-I-08293B1	SSc-ILD	N7	232	158	171.465517241379	107.75	218
11	SSC/FO20-I-08293B1	SSc-ILD	N4	114	106.5	126.964912280702	74	145.75
11	SSC/FO21-1-01756B1	SSc-ILD	N8	661	103	122.633888048412	78	142
11	SSC/FO21-1-01756B1	SSc-ILD	N1	738	115	143.162601626016	84	176.75
11	SSC/FO21-1-01756B1	SSc-ILD	N10	858	126	160.994172494173	87	195
11	SSC/FO21-1-01756B1	SSc-ILD	N9	783	133	169.978288633461	92	200
11	SSC/FO21-1-01756B1	SSc-ILD	N2	365	105	123.438356164384	80	144
11	SSC/FO21-1-01756B1	SSc-ILD	N5	489	97	110.496932515337	78	126
11	SSC/FO21-1-01756B1	SSc-ILD	N6	609	145	213.070607553366	103	233
11	SSC/FO21-1-01756B1	SSc-ILD	N4	519	129	208.682080924855	88	216
11	SSC/FO21-1-01756B1	SSc-ILD	N11	945	176	260.843386243386	112	328
11	SSC/FO21-1-01756B1	SSc-ILD	N3	517	113	138.601547388781	79	157
11	SSC/FO21-1-01756B1	SSc-ILD	N7	743	177	241.158815612382	111	306.5
