k	seed_left	seed_right	ari	nmi
7	20268009	20268011	0.998724789818683	0.997315030522524
7	20268009	20268012	0.999287044283552	0.998508516958397
7	20268009	20268013	0.605562749865619	0.61448183128958
7	20268009	20268014	0.52195888748004	0.546493195435614
7	20268009	20268015	0.919281927944182	0.900227324038164
7	20268009	20268016	0.996366275777317	0.993209104429025
7	20268009	20268017	0.998413328691671	0.996763127764837
7	20268009	20268018	0.996366275777317	0.993209104429025
7	20268009	20268019	0.561639610600753	0.577573573958179
7	20268009	20268020	0.678206927559118	0.654512145685508
7	20268009	20268021	0.996729166221575	0.994102252569795
7	20268009	20268022	0.996729166221575	0.994102252569795
7	20268009	20268023	0.99851548221993	0.996934434921642
7	20268009	20268024	0.605004398271258	0.614283309283533
7	20268009	20268025	0.998654627391342	0.997210216867973
7	20268009	20268026	0.99851548221993	0.996934434921642
7	20268009	20268027	0.99855247728654	0.997038909247151
7	20268009	20268028	0.523204072930369	0.54826877902707
7	20268011	20268012	0.999072494028036	0.99802538364511
7	20268011	20268013	0.605618393758716	0.614548199403318
7	20268011	20268014	0.521929878571489	0.546474771951425
7	20268011	20268015	0.919390407454682	0.900404837674709
7	20268011	20268016	0.996639184850084	0.99364698325478
7	20268011	20268017	0.999617618161306	0.999164717962692
7	20268011	20268018	0.996639184850084	0.99364698325478
7	20268011	20268019	0.561785215585957	0.577757342629939
7	20268011	20268020	0.678244304844009	0.654478120515473
7	20268011	20268021	0.997081419370516	0.994743175151183
7	20268011	20268022	0.997081419370516	0.994743175151183
7	20268011	20268023	0.999690183795085	0.999329727529375
7	20268011	20268024	0.605058622215794	0.614348547393001
7	20268011	20268025	0.999829439972898	0.999652336166407
7	20268011	20268026	0.999690183795085	0.999329727529375
7	20268011	20268027	0.999756877498207	0.999487326144288
7	20268011	20268028	0.52317476725933	0.548251192110508
7	20268012	20268013	0.605758439965354	0.61468454877665
7	20268012	20268014	0.521984089126579	0.546554775781623
7	20268012	20268015	0.919497509823667	0.900583958089394
7	20268012	20268016	0.996351272590362	0.993253501466267
7	20268012	20268017	0.99876091942464	0.997425273520566
7	20268012	20268018	0.996351272590362	0.993253501466267
7	20268012	20268019	0.561840905991366	0.577824022428273
7	20268012	20268020	0.678146582458812	0.654371615163251
7	20268012	20268021	0.996642884913952	0.99400671837062
7	20268012	20268022	0.996642884913952	0.99400671837062
7	20268012	20268023	0.998863081016925	0.997571992821359
7	20268012	20268024	0.605199658228482	0.614485213673807
7	20268012	20268025	0.999002288741845	0.997894582069872
7	20268012	20268026	0.998863081016925	0.997571992821359
7	20268012	20268027	0.998900130573527	0.997747862393593
7	20268012	20268028	0.523229805480378	0.548331772193742
7	20268013	20268014	0.794326432924098	0.792601909183421
7	20268013	20268015	0.629564546594627	0.636197400974023
7	20268013	20268016	0.605781024632031	0.614745711711568
7	20268013	20268017	0.60561393568368	0.614561397110693
7	20268013	20268018	0.605781024632031	0.614745711711568
7	20268013	20268019	0.883443315280321	0.870531574731177
7	20268013	20268020	0.463221090523545	0.459204971233527
7	20268013	20268021	0.605654294981804	0.614732134672426
7	20268013	20268022	0.605654294981804	0.614732134672426
7	20268013	20268023	0.605546878127841	0.614463040639252
7	20268013	20268024	0.993110794148929	0.987833016693723
7	20268013	20268025	0.605562915059442	0.61450944295525
7	20268013	20268026	0.605546878127841	0.614463040639252
7	20268013	20268027	0.605629973677427	0.614607800364947
7	20268013	20268028	0.80001911590217	0.797904435225122
7	20268014	20268015	0.544867792650388	0.563535270596009
7	20268014	20268016	0.522441935977051	0.546960129855062
7	20268014	20268017	0.521882767156687	0.546397686038784
7	20268014	20268018	0.522441935977051	0.546960129855062
7	20268014	20268019	0.895286108887417	0.878533445670326
7	20268014	20268020	0.403396166396432	0.414504464213632
7	20268014	20268021	0.522316654486589	0.54690996043507
7	20268014	20268022	0.522316654486589	0.54690996043507
7	20268014	20268023	0.52186600213239	0.546401811693313
7	20268014	20268024	0.791492697950187	0.789550551003138
7	20268014	20268025	0.52188108257998	0.54644677449713
7	20268014	20268026	0.52186600213239	0.546401811693313
7	20268014	20268027	0.521897848987724	0.546442649363208
7	20268014	20268028	0.987956100928969	0.980075932372412
7	20268015	20268016	0.919491713407693	0.900617100452865
7	20268015	20268017	0.919165431482387	0.900118245086036
7	20268015	20268018	0.919491713407693	0.900617100452865
7	20268015	20268019	0.588006575200229	0.599003140411613
7	20268015	20268020	0.658917965919932	0.637500992906873
7	20268015	20268021	0.919134583897198	0.900217147421137
7	20268015	20268022	0.919134583897198	0.900217147421137
7	20268015	20268023	0.919149810414949	0.90012216147604
7	20268015	20268024	0.628843588049388	0.635876132753349
7	20268015	20268025	0.919225307199765	0.900235658499082
7	20268015	20268026	0.919149810414949	0.90012216147604
7	20268015	20268027	0.919240930393313	0.900231742469402
7	20268015	20268028	0.546361523457634	0.565568811196546
7	20268016	20268017	0.996645581535866	0.993680251446708
7	20268016	20268018	1	1
7	20268016	20268019	0.562161105903739	0.578132108773109
7	20268016	20268020	0.678063114381787	0.654213030972249
7	20268016	20268021	0.999317947279323	0.99840053506733
7	20268016	20268022	0.999317947279323	0.99840053506733
7	20268016	20268023	0.996560067375258	0.99352037939466
7	20268016	20268024	0.605142414408621	0.61444582566485
7	20268016	20268025	0.996546259615954	0.993500082011306
7	20268016	20268026	0.996560067375258	0.99352037939466
7	20268016	20268027	0.996631770716148	0.993659954380304
7	20268016	20268028	0.523689083085762	0.548731380446074
7	20268017	20268018	0.996645581535866	0.993680251446708
7	20268017	20268019	0.561732373773678	0.577679357417179
7	20268017	20268020	0.678245406032133	0.654474003025308
7	20268017	20268021	0.997087882777014	0.994776454762625
7	20268017	20268022	0.997087882777014	0.994776454762625
7	20268017	20268023	0.999827144836905	0.999652014513318
7	20268017	20268024	0.605053729178394	0.614360109294226
7	20268017	20268025	0.999687891906046	0.999329402683699
7	20268017	20268026	0.999827144836905	0.999652014513318
7	20268017	20268027	0.999860743006776	0.999677389415859
7	20268017	20268028	0.523127577906872	0.548174497793246
7	20268018	20268019	0.562161105903739	0.578132108773109
7	20268018	20268020	0.678063114381787	0.654213030972249
7	20268018	20268021	0.999317947279323	0.99840053506733
7	20268018	20268022	0.999317947279323	0.99840053506733
7	20268018	20268023	0.996560067375258	0.99352037939466
7	20268018	20268024	0.605142414408621	0.61444582566485
7	20268018	20268025	0.996546259615954	0.993500082011306
7	20268018	20268026	0.996560067375258	0.99352037939466
7	20268018	20268027	0.996631770716148	0.993659954380304
7	20268018	20268028	0.523689083085762	0.548731380446074
7	20268019	20268020	0.433029945252366	0.436631727666281
7	20268019	20268021	0.562020495472849	0.57807136632694
7	20268019	20268022	0.562020495472849	0.57807136632694
7	20268019	20268023	0.561718631637627	0.577680709184058
7	20268019	20268024	0.880357987937464	0.866624963524865
7	20268019	20268025	0.56173361969365	0.577725475721107
7	20268019	20268026	0.561718631637627	0.577680709184058
7	20268019	20268027	0.56174736330424	0.577724124474775
7	20268019	20268028	0.902959907419637	0.886635787924269
7	20268020	20268021	0.678268919193361	0.654512587609711
7	20268020	20268022	0.678268919193361	0.654512587609711
7	20268020	20268023	0.678234712787825	0.654449024931068
7	20268020	20268024	0.461957459033277	0.458238846276344
7	20268020	20268025	0.678263812372495	0.654473582257081
7	20268020	20268026	0.678234712787825	0.654449024931068
7	20268020	20268027	0.678274507321941	0.654498560966194
7	20268020	20268028	0.403895478999497	0.415289052580025
7	20268021	20268022	1	1
7	20268021	20268023	0.997002355193881	0.994616579044966
7	20268021	20268024	0.605015864085538	0.614432350977876
7	20268021	20268025	0.996988520993322	0.994596280434795
7	20268021	20268026	0.997002355193881	0.994616579044966
7	20268021	20268027	0.997074045516614	0.994756156468998
7	20268021	20268028	0.523563184299608	0.548681443393272
7	20268022	20268023	0.997002355193881	0.994616579044966
7	20268022	20268024	0.605015864085538	0.614432350977876
7	20268022	20268025	0.996988520993322	0.994596280434795
7	20268022	20268026	0.997002355193881	0.994616579044966
7	20268022	20268027	0.997074045516614	0.994756156468998
7	20268022	20268028	0.523563184299608	0.548681443393272
7	20268023	20268024	0.604986679635645	0.614263159847352
7	20268023	20268025	0.999860745759162	0.999677389554415
7	20268023	20268026	1	1
7	20268023	20268027	0.999687894166136	0.9993294030643
7	20268023	20268028	0.523111324137689	0.548178894227716
7	20268024	20268025	0.605002920432906	0.614309518614891
7	20268024	20268026	0.604986679635645	0.614263159847352
7	20268024	20268027	0.605069971037354	0.614406468994027
7	20268024	20268028	0.797072475653499	0.794652105321104
7	20268025	20268026	0.999860745759162	0.999677389554415
7	20268025	20268027	0.999827150208683	0.999652011880768
7	20268025	20268028	0.523126113577488	0.548223157345679
7	20268026	20268027	0.999687894166136	0.9993294030643
7	20268026	20268028	0.523111324137689	0.548178894227716
7	20268027	20268028	0.523142368736489	0.548218761430092
