k	evaluable_bin_n	zero_neighbor_not_evaluable_n	seed_fit_n	converged_seed_n	converged_fraction	selected_seed	selected_iter	selected_ifault	betweenss_fraction	silhouette_mean_subsample	repeat_ari_mean	repeat_ari_median	repeat_ari_min	repeat_nmi_mean	repeat_nmi_median	repeat_nmi_min	min_niche_bin_n	min_niche_fraction	min_patient_coverage_n	below_one_percent_niche_n	single_patient_niche_n	spatial_edge_agreement	patient_cramers_v	global_umi_eta_squared	within_patient_umi_eta_squared	umi_association_level	non_mixed_descriptor_fraction	mean_dominance_margin	interpretability_index	unique_non_mixed_descriptor_n	score_stability	score_cluster_size	score_patient_coverage	score_low_umi	score_interpretability	score_silhouette	score_spatial	recommendation_score	eligibility	recommended	recommendation_basis
3	58772	68	20	20	1	20264011	7	0	0.173877521230354	0.0987862922914394	0.997461549151853	0.997249638773375	0.994356817752981	0.993821686154713	0.993044684307913	0.987036409928606	16577	0.282056081127067	7	0	0	0.56012413437454	0.22410071342724	0.0263270509147378	0.0183923864438229	low	0	0.0646556458683273	0.0323278229341637	0	1	1	0.5	1	0.444444444444444	1	1	0.838888888888889	TRUE	TRUE	Score weights: stability 0.25, minimum niche size 0.15, patient coverage 0.10, low within-patient UMI association 0.15, composition interpretability 0.20, silhouette 0.10, spatial edge agreement 0.05. Eligibility requires >=90% converged seeds, no niche <1%, no single-patient niche, and minimum patient coverage >=3.
4	58772	68	20	12	0.6	20265009	11	0	0.208763212513864	0.0904698245899654	0.966488302935153	0.947357243612024	0.937532757155193	0.947824208978734	0.918690255919936	0.905239034498252	12788	0.217586605866739	7	0	0	0.491727444624527	0.194515572508804	0.0490117623608519	0.0338395931826065	low	0	0.06127035195472	0.03063517597736	0	0.888888888888889	0.888888888888889	0.5	0.888888888888889	0	0.888888888888889	0.888888888888889	0.672222222222222	FALSE	FALSE	Score weights: stability 0.25, minimum niche size 0.15, patient coverage 0.10, low within-patient UMI association 0.15, composition interpretability 0.20, silhouette 0.10, spatial edge agreement 0.05. Eligibility requires >=90% converged seeds, no niche <1%, no single-patient niche, and minimum patient coverage >=3.
5	58772	68	20	20	1	20266022	9	0	0.236930955519231	0.0746377678631844	0.936573909132914	0.987929808086137	0.472762243981836	0.930402261027975	0.978999328441196	0.485385161551982	9209	0.156690260668345	7	0	0	0.429365576346938	0.183361280251756	0.0535532602443815	0.0398032476335996	low	0	0.0662698504069323	0.0331349252034661	0	0.777777777777778	0.777777777777778	0.5	0.666666666666667	0.555555555555556	0.666666666666667	0.777777777777778	0.677777777777778	TRUE	FALSE	Score weights: stability 0.25, minimum niche size 0.15, patient coverage 0.10, low within-patient UMI association 0.15, composition interpretability 0.20, silhouette 0.10, spatial edge agreement 0.05. Eligibility requires >=90% converged seeds, no niche <1%, no single-patient niche, and minimum patient coverage >=3.
6	58772	68	20	17	0.85	20267026	8	0	0.260242206800555	0.0727347190552725	0.70073524230621	0.611869066510302	0.492121581818649	0.696203040334703	0.600068655387482	0.503095992572377	6877	0.117011502075818	7	0	0	0.405186385737439	0.178366482571292	0.0484836743784293	0.03553250116378	low	0	0.0641151369200833	0.0320575684600417	0	0.111111111111111	0.666666666666667	0.5	0.777777777777778	0.333333333333333	0.555555555555556	0.666666666666667	0.45	FALSE	FALSE	Score weights: stability 0.25, minimum niche size 0.15, patient coverage 0.10, low within-patient UMI association 0.15, composition interpretability 0.20, silhouette 0.10, spatial edge agreement 0.05. Eligibility requires >=90% converged seeds, no niche <1%, no single-patient niche, and minimum patient coverage >=3.
7	58772	68	20	19	0.95	20268009	12	0	0.279560955877304	0.0767023824282408	0.779807414783758	0.797072475653499	0.403396166396432	0.781912681869439	0.794652105321104	0.414504464213632	5465	0.0929864561355748	7	0	0	0.379168508422965	0.16100604654387	0.0580994345519268	0.0423763041968027	low	0	0.0627359173895443	0.0313679586947721	0	0.555555555555556	0.555555555555556	0.5	0.555555555555556	0.111111111111111	0.777777777777778	0.555555555555556	0.483333333333333	TRUE	FALSE	Score weights: stability 0.25, minimum niche size 0.15, patient coverage 0.10, low within-patient UMI association 0.15, composition interpretability 0.20, silhouette 0.10, spatial edge agreement 0.05. Eligibility requires >=90% converged seeds, no niche <1%, no single-patient niche, and minimum patient coverage >=3.
8	58772	68	20	18	0.9	20269015	12	0	0.297136062027199	0.0696208389563451	0.760168044305444	0.68369407911571	0.514328308747661	0.772044597929202	0.674918299368543	0.578470721844648	4931	0.0839004968352277	7	0	0	0.362344064633368	0.160755221022775	0.0658988148752475	0.0487299230049364	low	0	0.0632271057771647	0.0316135528885823	0	0.444444444444444	0.444444444444444	0.5	0.444444444444444	0.222222222222222	0.444444444444444	0.444444444444444	0.405555555555556	TRUE	FALSE	Score weights: stability 0.25, minimum niche size 0.15, patient coverage 0.10, low within-patient UMI association 0.15, composition interpretability 0.20, silhouette 0.10, spatial edge agreement 0.05. Eligibility requires >=90% converged seeds, no niche <1%, no single-patient niche, and minimum patient coverage >=3.
9	58772	68	20	19	0.95	20270024	7	0	0.311980266576217	0.0656884509532467	0.746641841678392	0.680915402050796	0.470622041889347	0.768021016172122	0.691065242776077	0.543539245655468	4372	0.0743891649084598	7	0	0	0.334668606649968	0.164475150189506	0.0705863159125636	0.0529115101003446	low	0.111111111111111	0.068685425705385	0.089898268408248	1	0.333333333333333	0.333333333333333	0.5	0.333333333333333	1	0.222222222222222	0.333333333333333	0.472222222222222	TRUE	FALSE	Score weights: stability 0.25, minimum niche size 0.15, patient coverage 0.10, low within-patient UMI association 0.15, composition interpretability 0.20, silhouette 0.10, spatial edge agreement 0.05. Eligibility requires >=90% converged seeds, no niche <1%, no single-patient niche, and minimum patient coverage >=3.
10	58772	68	20	16	0.8	20271017	10	0	0.325592506814921	0.0668827476472586	0.867550559930245	0.87194346626139	0.739871846677644	0.880355043642569	0.879519647631249	0.775892343158479	3880	0.0660178316204996	7	0	0	0.323455380384068	0.166196660129156	0.0752707530440639	0.0583005709224583	low	0.1	0.0695393370532994	0.0847696685266497	1	0.666666666666667	0.222222222222222	0.5	0.222222222222222	0.888888888888889	0.333333333333333	0.222222222222222	0.505555555555556	FALSE	FALSE	Score weights: stability 0.25, minimum niche size 0.15, patient coverage 0.10, low within-patient UMI association 0.15, composition interpretability 0.20, silhouette 0.10, spatial edge agreement 0.05. Eligibility requires >=90% converged seeds, no niche <1%, no single-patient niche, and minimum patient coverage >=3.
11	58772	68	20	15	0.75	20272024	10	0	0.336221283894283	0.0605846263442353	0.710444808420952	0.685761105424099	0.499304893908093	0.764291591709905	0.740832737916467	0.596916988423181	3688	0.0627509698495882	7	0	0	0.310053533716419	0.178057167343221	0.0878981058295153	0.0647137647712607	moderate	0.0909090909090909	0.0685930970356527	0.0797510939723718	1	0.222222222222222	0.111111111111111	0.5	0.111111111111111	0.777777777777778	0.111111111111111	0.111111111111111	0.311111111111111	FALSE	FALSE	Score weights: stability 0.25, minimum niche size 0.15, patient coverage 0.10, low within-patient UMI association 0.15, composition interpretability 0.20, silhouette 0.10, spatial edge agreement 0.05. Eligibility requires >=90% converged seeds, no niche <1%, no single-patient niche, and minimum patient coverage >=3.
12	58772	68	20	17	0.85	20273025	11	0	0.345187464095084	0.0548642745720644	0.54967483850587	0.520441232612201	0.427220083400507	0.655376719327549	0.633415206774184	0.561274084494018	3538	0.0601987340910638	7	0	0	0.295233534698689	0.179396953935023	0.0932046476190828	0.0687577132150518	moderate	0.0833333333333333	0.0688630262867528	0.0760981798100431	1	0	0	0.5	0	0.666666666666667	0	0	0.183333333333333	FALSE	FALSE	Score weights: stability 0.25, minimum niche size 0.15, patient coverage 0.10, low within-patient UMI association 0.15, composition interpretability 0.20, silhouette 0.10, spatial edge agreement 0.05. Eligibility requires >=90% converged seeds, no niche <1%, no single-patient niche, and minimum patient coverage >=3.
