niche	reference18_state	bin_n	mean_neighbor_weight	sd_neighbor_weight	median_neighbor_weight
"N1"	"Alveolar/resident macrophage"	13485	0.0103602048777371	0.0115279736492507	0.00743524512083703
"N1"	"Inflammatory monocyte/macrophage"	13485	0.0104437594021584	0.0117253676738932	0.00735876092417677
"N1"	"Dendritic cell"	13485	0.0179372007440048	0.0150037164055019	0.0153063954211906
"N1"	"T"	13485	0.0286814417259955	0.0213045432449199	0.0251766908502812
"N1"	"NK"	13485	0.0163718389566389	0.0161082105613231	0.012558571761554
"N1"	"Mast/Basophil"	13485	0.0272126461709826	0.0184891418840757	0.024064591819739
"N1"	"B"	13485	0.106682674229805	0.0303680692672088	0.107371958233633
"N1"	"Ciliated epithelial"	13485	0.0703868540024496	0.0246477609687593	0.0692532745453494
"N1"	"AT2/alveolar transitional"	13485	0.0410025481103506	0.0222055994976059	0.0379924689253434
"N1"	"Secretory/other airway epithelial"	13485	0.00856906525643371	0.00938587561198163	0.00647445932821252
"N1"	"AT1"	13485	0.302743229922546	0.0330934275768454	0.297404366886841
"N1"	"Blood endothelial"	13485	0.0756835496081353	0.0277459050547122	0.0754869255458887
"N1"	"Perivascular/mesothelial stromal"	13485	0.0576021965584756	0.0275073940552904	0.0548585312081299
"N1"	"Fibroblast"	13485	0.0783838226566694	0.0299262407936567	0.0766997355291173
"N1"	"Lymphatic endothelial"	13485	0.0988197954144989	0.0299426468020299	0.10068063010422
"N1"	"Plasma"	13485	0.00192732675595384	0.00248232803936729	0.00128976903087093
"N1"	"Basal-like epithelial"	13485	0.0235612964682798	0.0221982041490534	0.0180909526790317
"N1"	"Myofibroblast"	13485	0.0236305491388875	0.0163673088178496	0.0209733542503106
"N2"	"Alveolar/resident macrophage"	12063	0.00973329985031624	0.0112535369016264	0.00677744766529828
"N2"	"Inflammatory monocyte/macrophage"	12063	0.0100029474199652	0.0116164779876346	0.00680324701953108
"N2"	"Dendritic cell"	12063	0.0162483255554192	0.0136837374167848	0.0134017981329366
"N2"	"T"	12063	0.0273041889522094	0.0203155987427149	0.0240871685356466
"N2"	"NK"	12063	0.0192285987227302	0.0174190637800973	0.0150884263116388
"N2"	"Mast/Basophil"	12063	0.0274755874156982	0.0184092478235159	0.0245144502010865
"N2"	"B"	12063	0.156310848749495	0.0333627447516498	0.15214929835261
"N2"	"Ciliated epithelial"	12063	0.0978683913931817	0.040262657547819	0.0913882522510781
"N2"	"AT2/alveolar transitional"	12063	0.0373024976822822	0.0198032525703091	0.0337365470042406
"N2"	"Secretory/other airway epithelial"	12063	0.00951023633500107	0.0101494176391351	0.00698460369893077
"N2"	"AT1"	12063	0.230481026612155	0.0304470004678109	0.231596097489242
"N2"	"Blood endothelial"	12063	0.0671040552110483	0.0249513128207109	0.0663213500903052
"N2"	"Perivascular/mesothelial stromal"	12063	0.059388144042063	0.027298374285956	0.0567011876720678
"N2"	"Fibroblast"	12063	0.0800552019025799	0.0309809359546568	0.0770690827333694
"N2"	"Lymphatic endothelial"	12063	0.103371541963413	0.0294406775797404	0.105506739620189
"N2"	"Plasma"	12063	0.00226423729963928	0.0030930997436914	0.00144535525572692
"N2"	"Basal-like epithelial"	12063	0.0232361810719126	0.0217953417049196	0.0180136763338631
"N2"	"Myofibroblast"	12063	0.0231146898208902	0.0157854468244445	0.0204720977800428
"N3"	"Alveolar/resident macrophage"	9209	0.0116430384893105	0.0130190128625149	0.00816741448577511
"N3"	"Inflammatory monocyte/macrophage"	9209	0.0124188441504202	0.01430604898732	0.00837136815123719
"N3"	"Dendritic cell"	9209	0.0208379196613842	0.0177969715470581	0.0175959586196831
"N3"	"T"	9209	0.039161918232357	0.0288203856294064	0.0345078893153933
"N3"	"NK"	9209	0.0269631712473573	0.0256422630119018	0.0221229488186735
"N3"	"Mast/Basophil"	9209	0.0362625798387199	0.0260903340416782	0.0321573758270246
"N3"	"B"	9209	0.116986606800401	0.0361433044326533	0.116146097245981
"N3"	"Ciliated epithelial"	9209	0.0945277940400358	0.0349436854460035	0.0921756126701207
"N3"	"AT2/alveolar transitional"	9209	0.0503351188237886	0.0247553509964224	0.0464468729987948
"N3"	"Secretory/other airway epithelial"	9209	0.0113698408217681	0.0136853233509119	0.00799510190491102
"N3"	"AT1"	9209	0.164427485178444	0.0320514692132525	0.169006693176896
"N3"	"Blood endothelial"	9209	0.0740345698700353	0.0313719240088237	0.0731286445024103
"N3"	"Perivascular/mesothelial stromal"	9209	0.0735289925004455	0.0376404299372736	0.069343542461494
"N3"	"Fibroblast"	9209	0.0749238463092225	0.034121584007779	0.0727727304066004
"N3"	"Lymphatic endothelial"	9209	0.121065369194095	0.0369375513656336	0.12035283334141
"N3"	"Plasma"	9209	0.00224104042972305	0.00291688613648706	0.0013413008723171
"N3"	"Basal-like epithelial"	9209	0.0438469628884239	0.036325195006863	0.0371394677603691
"N3"	"Myofibroblast"	9209	0.0254249015240681	0.0188192283677313	0.0223627631623066
"N4"	"Alveolar/resident macrophage"	12189	0.0101987267090512	0.0114075305029504	0.00713003084286444
"N4"	"Inflammatory monocyte/macrophage"	12189	0.0110307193236631	0.0124192925925468	0.00779380791595983
"N4"	"Dendritic cell"	12189	0.018386100817886	0.0147686528321931	0.0156172283352382
"N4"	"T"	12189	0.0313709385989008	0.0229992703158192	0.02788732494524
"N4"	"NK"	12189	0.0199965654877447	0.0185267286216751	0.0159186282900029
"N4"	"Mast/Basophil"	12189	0.0302155236473812	0.0201899680022519	0.0269699531258084
"N4"	"B"	12189	0.0996284127207067	0.0300532287685505	0.100824951774155
"N4"	"Ciliated epithelial"	12189	0.0789874057057237	0.0275032095570754	0.0774002496574684
"N4"	"AT2/alveolar transitional"	12189	0.0423458210226862	0.0213340598971008	0.0386561731768415
"N4"	"Secretory/other airway epithelial"	12189	0.00987852435530287	0.010685257501334	0.00742915184212481
"N4"	"AT1"	12189	0.233610950740642	0.032133879602818	0.2341076846537
"N4"	"Blood endothelial"	12189	0.0665235110928753	0.0270380717394536	0.0656632176530889
"N4"	"Perivascular/mesothelial stromal"	12189	0.0579993703072542	0.0274224095964906	0.0558689741625133
"N4"	"Fibroblast"	12189	0.0732414868087476	0.0301689219312327	0.0712376540794088
"N4"	"Lymphatic endothelial"	12189	0.162405203220311	0.034308864357414	0.157010757168344
"N4"	"Plasma"	12189	0.00220816374443089	0.00281763592125056	0.00149767303687078
"N4"	"Basal-like epithelial"	12189	0.0277232193478023	0.0243590429481847	0.0228336756540117
"N4"	"Myofibroblast"	12189	0.0242493563488891	0.0167180152909271	0.0214859421837761
"N5"	"Alveolar/resident macrophage"	11826	0.0110886971290405	0.0122518452724051	0.00795360938246446
"N5"	"Inflammatory monocyte/macrophage"	11826	0.0114961033233125	0.0121986309780746	0.00847543495913435
"N5"	"Dendritic cell"	11826	0.0194560381689049	0.0154078634837129	0.0167406486737875
"N5"	"T"	11826	0.032174503809976	0.0240190657794101	0.0282056555242391
"N5"	"NK"	11826	0.0196487415795034	0.0186526315246768	0.0151335493691089
"N5"	"Mast/Basophil"	11826	0.031405526124293	0.021294734916284	0.0280466545610672
"N5"	"B"	11826	0.104516030646026	0.0295960214669218	0.105255389061483
"N5"	"Ciliated epithelial"	11826	0.0753339527254355	0.0267584940436512	0.073307905084397
"N5"	"AT2/alveolar transitional"	11826	0.0491083081572569	0.0235347915369057	0.04602976074688
"N5"	"Secretory/other airway epithelial"	11826	0.00991228279924308	0.0115515298739149	0.00738218864703569
"N5"	"AT1"	11826	0.231747233695592	0.0297413951621559	0.233295796033578
"N5"	"Blood endothelial"	11826	0.114885867224919	0.0323123558782323	0.11186773503411
"N5"	"Perivascular/mesothelial stromal"	11826	0.0634316162885824	0.0293872200515727	0.0605516256666904
"N5"	"Fibroblast"	11826	0.0791144331551393	0.0312768594628048	0.0771412217797841
"N5"	"Lymphatic endothelial"	11826	0.0865711059379252	0.0278439348124731	0.0879370366712227
"N5"	"Plasma"	11826	0.0021524701190612	0.00280287057516676	0.00140694534396742
"N5"	"Basal-like epithelial"	11826	0.0330484829265678	0.0275221744042256	0.0281016072319133
"N5"	"Myofibroblast"	11826	0.0249086061892202	0.0172363726810095	0.0221211173781902
