sample_id	patient_id	disease	chip_id	primary19	feature_a	feature_b	predefined_axis	metric	radius_um	analysis_tier	value	evidence_id	label	audit_category	predefined_pair
"HC/NL-50"	"HC/NL-50"	"HC"	"Y40102K8"	TRUE	"Basal epithelial"	"NK"	"unbiased"	"fisher_z"	50	"primary"	-0.11107177468657	"E04028"	"21-state | Basal epithelial ↔ NK | fisher_z@50um | IPF_vs_HC"	"SHARED_ILD_VS_HC_TREND"	NA
"HC/NL-53"	"HC/NL-53"	"HC"	"Y40102K8"	TRUE	"Basal epithelial"	"NK"	"unbiased"	"fisher_z"	50	"primary"	-0.145449541465236	"E04028"	"21-state | Basal epithelial ↔ NK | fisher_z@50um | IPF_vs_HC"	"SHARED_ILD_VS_HC_TREND"	NA
"IPF/FO22-1-09404"	"IPF/FO22-1-09404"	"IPF"	"Y40102K8"	TRUE	"Basal epithelial"	"NK"	"unbiased"	"fisher_z"	50	"primary"	-0.0678749859764659	"E04028"	"21-state | Basal epithelial ↔ NK | fisher_z@50um | IPF_vs_HC"	"SHARED_ILD_VS_HC_TREND"	NA
"IPF/FO23-1-06474"	"IPF/FO23-1-06474"	"IPF"	"Y40102K8"	TRUE	"Basal epithelial"	"NK"	"unbiased"	"fisher_z"	50	"primary"	-0.0508405159004725	"E04028"	"21-state | Basal epithelial ↔ NK | fisher_z@50um | IPF_vs_HC"	"SHARED_ILD_VS_HC_TREND"	NA
"SSC/15275/13"	"SSC/15275/13"	"SSc-ILD"	"Y40102K8"	TRUE	"Basal epithelial"	"NK"	"unbiased"	"fisher_z"	50	"primary"	-0.0734246037763641	"E04028"	"21-state | Basal epithelial ↔ NK | fisher_z@50um | IPF_vs_HC"	"SHARED_ILD_VS_HC_TREND"	NA
"SSC/24-1-18170A2"	"SSC/24-1-18170A2"	"SSc-ILD"	"Y40102K8"	TRUE	"Basal epithelial"	"NK"	"unbiased"	"fisher_z"	50	"primary"	-0.0318374773503715	"E04028"	"21-state | Basal epithelial ↔ NK | fisher_z@50um | IPF_vs_HC"	"SHARED_ILD_VS_HC_TREND"	NA
"SSC/3342/13"	"SSC/3342/13"	"SSc-ILD"	"Y40102K8"	TRUE	"Basal epithelial"	"NK"	"unbiased"	"fisher_z"	50	"primary"	0.0693782384024462	"E04028"	"21-state | Basal epithelial ↔ NK | fisher_z@50um | IPF_vs_HC"	"SHARED_ILD_VS_HC_TREND"	NA
"HC/NL-55"	"HC/NL-55"	"HC"	"Y40105J2"	TRUE	"Basal epithelial"	"NK"	"unbiased"	"fisher_z"	50	"primary"	-0.0953977530492969	"E04028"	"21-state | Basal epithelial ↔ NK | fisher_z@50um | IPF_vs_HC"	"SHARED_ILD_VS_HC_TREND"	NA
"HC/NL-63"	"HC/NL-63"	"HC"	"Y40105J2"	TRUE	"Basal epithelial"	"NK"	"unbiased"	"fisher_z"	50	"primary"	-0.0358670779413839	"E04028"	"21-state | Basal epithelial ↔ NK | fisher_z@50um | IPF_vs_HC"	"SHARED_ILD_VS_HC_TREND"	NA
"IPF/FO23-1-03100"	"IPF/FO23-1-03100"	"IPF"	"Y40105J2"	TRUE	"Basal epithelial"	"NK"	"unbiased"	"fisher_z"	50	"primary"	-0.0143760461269079	"E04028"	"21-state | Basal epithelial ↔ NK | fisher_z@50um | IPF_vs_HC"	"SHARED_ILD_VS_HC_TREND"	NA
"IPF/FO23-1-09473"	"IPF/FO23-1-09473"	"IPF"	"Y40105J2"	TRUE	"Basal epithelial"	"NK"	"unbiased"	"fisher_z"	50	"primary"	0.00738031744258011	"E04028"	"21-state | Basal epithelial ↔ NK | fisher_z@50um | IPF_vs_HC"	"SHARED_ILD_VS_HC_TREND"	NA
"SSC/23-105334B1"	"SSC/23-105334B1"	"SSc-ILD"	"Y40105J2"	TRUE	"Basal epithelial"	"NK"	"unbiased"	"fisher_z"	50	"primary"	-0.0444382090220277	"E04028"	"21-state | Basal epithelial ↔ NK | fisher_z@50um | IPF_vs_HC"	"SHARED_ILD_VS_HC_TREND"	NA
"SSC/FO20-I-08293B1"	"SSC/FO20-I-08293B1"	"SSc-ILD"	"Y40105J2"	TRUE	"Basal epithelial"	"NK"	"unbiased"	"fisher_z"	50	"primary"	-0.0401455795161009	"E04028"	"21-state | Basal epithelial ↔ NK | fisher_z@50um | IPF_vs_HC"	"SHARED_ILD_VS_HC_TREND"	NA
"SSC/FO21-1-01756B1"	"SSC/FO21-1-01756B1"	"SSc-ILD"	"Y40105J2"	TRUE	"Basal epithelial"	"NK"	"unbiased"	"fisher_z"	50	"primary"	-0.0678645790659443	"E04028"	"21-state | Basal epithelial ↔ NK | fisher_z@50um | IPF_vs_HC"	"SHARED_ILD_VS_HC_TREND"	NA
"HC/NL-72"	"HC/NL-72"	"HC"	"Y40105L3"	TRUE	"Basal epithelial"	"NK"	"unbiased"	"fisher_z"	50	"primary"	-0.13053595506209	"E04028"	"21-state | Basal epithelial ↔ NK | fisher_z@50um | IPF_vs_HC"	"SHARED_ILD_VS_HC_TREND"	NA
"IPF/FO23-1-06168"	"IPF/FO23-1-06168"	"IPF"	"Y40105L3"	TRUE	"Basal epithelial"	"NK"	"unbiased"	"fisher_z"	50	"primary"	-0.0341249596542657	"E04028"	"21-state | Basal epithelial ↔ NK | fisher_z@50um | IPF_vs_HC"	"SHARED_ILD_VS_HC_TREND"	NA
"IPF/FO23-1-06170"	"IPF/FO23-1-06170"	"IPF"	"Y40105L3"	TRUE	"Basal epithelial"	"NK"	"unbiased"	"fisher_z"	50	"primary"	-0.0712930694493124	"E04028"	"21-state | Basal epithelial ↔ NK | fisher_z@50um | IPF_vs_HC"	"SHARED_ILD_VS_HC_TREND"	NA
"SSC/07998/15A"	"SSC/07998/15A"	"SSc-ILD"	"Y40105L3"	TRUE	"Basal epithelial"	"NK"	"unbiased"	"fisher_z"	50	"primary"	-0.122521962956341	"E04028"	"21-state | Basal epithelial ↔ NK | fisher_z@50um | IPF_vs_HC"	"SHARED_ILD_VS_HC_TREND"	NA
"SSC/15491/14"	"SSC/15491/14"	"SSc-ILD"	"Y40105L3"	TRUE	"Basal epithelial"	"NK"	"unbiased"	"fisher_z"	50	"primary"	-0.0161920517072294	"E04028"	"21-state | Basal epithelial ↔ NK | fisher_z@50um | IPF_vs_HC"	"SHARED_ILD_VS_HC_TREND"	NA
"HC/NL-50"	"HC/NL-50"	"HC"	"Y40102K8"	TRUE	"Basal epithelial"	"NK"	"unbiased"	"fisher_z"	50	"primary"	-0.11107177468657	"E04027"	"21-state | Basal epithelial ↔ NK | fisher_z@50um | SSc-ILD_vs_HC"	"SHARED_ILD_VS_HC_TREND"	NA
"HC/NL-53"	"HC/NL-53"	"HC"	"Y40102K8"	TRUE	"Basal epithelial"	"NK"	"unbiased"	"fisher_z"	50	"primary"	-0.145449541465236	"E04027"	"21-state | Basal epithelial ↔ NK | fisher_z@50um | SSc-ILD_vs_HC"	"SHARED_ILD_VS_HC_TREND"	NA
"IPF/FO22-1-09404"	"IPF/FO22-1-09404"	"IPF"	"Y40102K8"	TRUE	"Basal epithelial"	"NK"	"unbiased"	"fisher_z"	50	"primary"	-0.0678749859764659	"E04027"	"21-state | Basal epithelial ↔ NK | fisher_z@50um | SSc-ILD_vs_HC"	"SHARED_ILD_VS_HC_TREND"	NA
"IPF/FO23-1-06474"	"IPF/FO23-1-06474"	"IPF"	"Y40102K8"	TRUE	"Basal epithelial"	"NK"	"unbiased"	"fisher_z"	50	"primary"	-0.0508405159004725	"E04027"	"21-state | Basal epithelial ↔ NK | fisher_z@50um | SSc-ILD_vs_HC"	"SHARED_ILD_VS_HC_TREND"	NA
"SSC/15275/13"	"SSC/15275/13"	"SSc-ILD"	"Y40102K8"	TRUE	"Basal epithelial"	"NK"	"unbiased"	"fisher_z"	50	"primary"	-0.0734246037763641	"E04027"	"21-state | Basal epithelial ↔ NK | fisher_z@50um | SSc-ILD_vs_HC"	"SHARED_ILD_VS_HC_TREND"	NA
"SSC/24-1-18170A2"	"SSC/24-1-18170A2"	"SSc-ILD"	"Y40102K8"	TRUE	"Basal epithelial"	"NK"	"unbiased"	"fisher_z"	50	"primary"	-0.0318374773503715	"E04027"	"21-state | Basal epithelial ↔ NK | fisher_z@50um | SSc-ILD_vs_HC"	"SHARED_ILD_VS_HC_TREND"	NA
"SSC/3342/13"	"SSC/3342/13"	"SSc-ILD"	"Y40102K8"	TRUE	"Basal epithelial"	"NK"	"unbiased"	"fisher_z"	50	"primary"	0.0693782384024462	"E04027"	"21-state | Basal epithelial ↔ NK | fisher_z@50um | SSc-ILD_vs_HC"	"SHARED_ILD_VS_HC_TREND"	NA
"HC/NL-55"	"HC/NL-55"	"HC"	"Y40105J2"	TRUE	"Basal epithelial"	"NK"	"unbiased"	"fisher_z"	50	"primary"	-0.0953977530492969	"E04027"	"21-state | Basal epithelial ↔ NK | fisher_z@50um | SSc-ILD_vs_HC"	"SHARED_ILD_VS_HC_TREND"	NA
"HC/NL-63"	"HC/NL-63"	"HC"	"Y40105J2"	TRUE	"Basal epithelial"	"NK"	"unbiased"	"fisher_z"	50	"primary"	-0.0358670779413839	"E04027"	"21-state | Basal epithelial ↔ NK | fisher_z@50um | SSc-ILD_vs_HC"	"SHARED_ILD_VS_HC_TREND"	NA
"IPF/FO23-1-03100"	"IPF/FO23-1-03100"	"IPF"	"Y40105J2"	TRUE	"Basal epithelial"	"NK"	"unbiased"	"fisher_z"	50	"primary"	-0.0143760461269079	"E04027"	"21-state | Basal epithelial ↔ NK | fisher_z@50um | SSc-ILD_vs_HC"	"SHARED_ILD_VS_HC_TREND"	NA
"IPF/FO23-1-09473"	"IPF/FO23-1-09473"	"IPF"	"Y40105J2"	TRUE	"Basal epithelial"	"NK"	"unbiased"	"fisher_z"	50	"primary"	0.00738031744258011	"E04027"	"21-state | Basal epithelial ↔ NK | fisher_z@50um | SSc-ILD_vs_HC"	"SHARED_ILD_VS_HC_TREND"	NA
"SSC/23-105334B1"	"SSC/23-105334B1"	"SSc-ILD"	"Y40105J2"	TRUE	"Basal epithelial"	"NK"	"unbiased"	"fisher_z"	50	"primary"	-0.0444382090220277	"E04027"	"21-state | Basal epithelial ↔ NK | fisher_z@50um | SSc-ILD_vs_HC"	"SHARED_ILD_VS_HC_TREND"	NA
"SSC/FO20-I-08293B1"	"SSC/FO20-I-08293B1"	"SSc-ILD"	"Y40105J2"	TRUE	"Basal epithelial"	"NK"	"unbiased"	"fisher_z"	50	"primary"	-0.0401455795161009	"E04027"	"21-state | Basal epithelial ↔ NK | fisher_z@50um | SSc-ILD_vs_HC"	"SHARED_ILD_VS_HC_TREND"	NA
"SSC/FO21-1-01756B1"	"SSC/FO21-1-01756B1"	"SSc-ILD"	"Y40105J2"	TRUE	"Basal epithelial"	"NK"	"unbiased"	"fisher_z"	50	"primary"	-0.0678645790659443	"E04027"	"21-state | Basal epithelial ↔ NK | fisher_z@50um | SSc-ILD_vs_HC"	"SHARED_ILD_VS_HC_TREND"	NA
"HC/NL-72"	"HC/NL-72"	"HC"	"Y40105L3"	TRUE	"Basal epithelial"	"NK"	"unbiased"	"fisher_z"	50	"primary"	-0.13053595506209	"E04027"	"21-state | Basal epithelial ↔ NK | fisher_z@50um | SSc-ILD_vs_HC"	"SHARED_ILD_VS_HC_TREND"	NA
"IPF/FO23-1-06168"	"IPF/FO23-1-06168"	"IPF"	"Y40105L3"	TRUE	"Basal epithelial"	"NK"	"unbiased"	"fisher_z"	50	"primary"	-0.0341249596542657	"E04027"	"21-state | Basal epithelial ↔ NK | fisher_z@50um | SSc-ILD_vs_HC"	"SHARED_ILD_VS_HC_TREND"	NA
"IPF/FO23-1-06170"	"IPF/FO23-1-06170"	"IPF"	"Y40105L3"	TRUE	"Basal epithelial"	"NK"	"unbiased"	"fisher_z"	50	"primary"	-0.0712930694493124	"E04027"	"21-state | Basal epithelial ↔ NK | fisher_z@50um | SSc-ILD_vs_HC"	"SHARED_ILD_VS_HC_TREND"	NA
"SSC/07998/15A"	"SSC/07998/15A"	"SSc-ILD"	"Y40105L3"	TRUE	"Basal epithelial"	"NK"	"unbiased"	"fisher_z"	50	"primary"	-0.122521962956341	"E04027"	"21-state | Basal epithelial ↔ NK | fisher_z@50um | SSc-ILD_vs_HC"	"SHARED_ILD_VS_HC_TREND"	NA
"SSC/15491/14"	"SSC/15491/14"	"SSc-ILD"	"Y40105L3"	TRUE	"Basal epithelial"	"NK"	"unbiased"	"fisher_z"	50	"primary"	-0.0161920517072294	"E04027"	"21-state | Basal epithelial ↔ NK | fisher_z@50um | SSc-ILD_vs_HC"	"SHARED_ILD_VS_HC_TREND"	NA
"HC/NL-50"	"HC/NL-50"	"HC"	"Y40102K8"	TRUE	"Plasma"	"SPP1 macrophage"	"immune"	"fisher_z"	50	"primary"	-0.185235337373787	"E05396"	"21-state | Plasma ↔ SPP1 macrophage | fisher_z@50um | IPF_vs_HC"	"IPF_ASSOCIATED_TREND"	NA
"HC/NL-53"	"HC/NL-53"	"HC"	"Y40102K8"	TRUE	"Plasma"	"SPP1 macrophage"	"immune"	"fisher_z"	50	"primary"	-0.153121827355774	"E05396"	"21-state | Plasma ↔ SPP1 macrophage | fisher_z@50um | IPF_vs_HC"	"IPF_ASSOCIATED_TREND"	NA
"IPF/FO22-1-09404"	"IPF/FO22-1-09404"	"IPF"	"Y40102K8"	TRUE	"Plasma"	"SPP1 macrophage"	"immune"	"fisher_z"	50	"primary"	0.0805452870016142	"E05396"	"21-state | Plasma ↔ SPP1 macrophage | fisher_z@50um | IPF_vs_HC"	"IPF_ASSOCIATED_TREND"	NA
"IPF/FO23-1-06474"	"IPF/FO23-1-06474"	"IPF"	"Y40102K8"	TRUE	"Plasma"	"SPP1 macrophage"	"immune"	"fisher_z"	50	"primary"	-0.120596332758599	"E05396"	"21-state | Plasma ↔ SPP1 macrophage | fisher_z@50um | IPF_vs_HC"	"IPF_ASSOCIATED_TREND"	NA
"SSC/15275/13"	"SSC/15275/13"	"SSc-ILD"	"Y40102K8"	TRUE	"Plasma"	"SPP1 macrophage"	"immune"	"fisher_z"	50	"primary"	-0.0677220464661406	"E05396"	"21-state | Plasma ↔ SPP1 macrophage | fisher_z@50um | IPF_vs_HC"	"IPF_ASSOCIATED_TREND"	NA
"SSC/24-1-18170A2"	"SSC/24-1-18170A2"	"SSc-ILD"	"Y40102K8"	TRUE	"Plasma"	"SPP1 macrophage"	"immune"	"fisher_z"	50	"primary"	-0.0841793594818565	"E05396"	"21-state | Plasma ↔ SPP1 macrophage | fisher_z@50um | IPF_vs_HC"	"IPF_ASSOCIATED_TREND"	NA
"SSC/3342/13"	"SSC/3342/13"	"SSc-ILD"	"Y40102K8"	TRUE	"Plasma"	"SPP1 macrophage"	"immune"	"fisher_z"	50	"primary"	-0.0365045866487363	"E05396"	"21-state | Plasma ↔ SPP1 macrophage | fisher_z@50um | IPF_vs_HC"	"IPF_ASSOCIATED_TREND"	NA
"HC/NL-55"	"HC/NL-55"	"HC"	"Y40105J2"	TRUE	"Plasma"	"SPP1 macrophage"	"immune"	"fisher_z"	50	"primary"	-0.0781198015810211	"E05396"	"21-state | Plasma ↔ SPP1 macrophage | fisher_z@50um | IPF_vs_HC"	"IPF_ASSOCIATED_TREND"	NA
"HC/NL-63"	"HC/NL-63"	"HC"	"Y40105J2"	TRUE	"Plasma"	"SPP1 macrophage"	"immune"	"fisher_z"	50	"primary"	-0.127475891298226	"E05396"	"21-state | Plasma ↔ SPP1 macrophage | fisher_z@50um | IPF_vs_HC"	"IPF_ASSOCIATED_TREND"	NA
"IPF/FO23-1-03100"	"IPF/FO23-1-03100"	"IPF"	"Y40105J2"	TRUE	"Plasma"	"SPP1 macrophage"	"immune"	"fisher_z"	50	"primary"	-0.0478752682582782	"E05396"	"21-state | Plasma ↔ SPP1 macrophage | fisher_z@50um | IPF_vs_HC"	"IPF_ASSOCIATED_TREND"	NA
"IPF/FO23-1-09473"	"IPF/FO23-1-09473"	"IPF"	"Y40105J2"	TRUE	"Plasma"	"SPP1 macrophage"	"immune"	"fisher_z"	50	"primary"	-0.0324019540906418	"E05396"	"21-state | Plasma ↔ SPP1 macrophage | fisher_z@50um | IPF_vs_HC"	"IPF_ASSOCIATED_TREND"	NA
"SSC/23-105334B1"	"SSC/23-105334B1"	"SSc-ILD"	"Y40105J2"	TRUE	"Plasma"	"SPP1 macrophage"	"immune"	"fisher_z"	50	"primary"	-0.0767451312237492	"E05396"	"21-state | Plasma ↔ SPP1 macrophage | fisher_z@50um | IPF_vs_HC"	"IPF_ASSOCIATED_TREND"	NA
"SSC/FO20-I-08293B1"	"SSC/FO20-I-08293B1"	"SSc-ILD"	"Y40105J2"	TRUE	"Plasma"	"SPP1 macrophage"	"immune"	"fisher_z"	50	"primary"	-0.0572645853712126	"E05396"	"21-state | Plasma ↔ SPP1 macrophage | fisher_z@50um | IPF_vs_HC"	"IPF_ASSOCIATED_TREND"	NA
"SSC/FO21-1-01756B1"	"SSC/FO21-1-01756B1"	"SSc-ILD"	"Y40105J2"	TRUE	"Plasma"	"SPP1 macrophage"	"immune"	"fisher_z"	50	"primary"	-0.0991127460471551	"E05396"	"21-state | Plasma ↔ SPP1 macrophage | fisher_z@50um | IPF_vs_HC"	"IPF_ASSOCIATED_TREND"	NA
"HC/NL-72"	"HC/NL-72"	"HC"	"Y40105L3"	TRUE	"Plasma"	"SPP1 macrophage"	"immune"	"fisher_z"	50	"primary"	-0.0839556665844204	"E05396"	"21-state | Plasma ↔ SPP1 macrophage | fisher_z@50um | IPF_vs_HC"	"IPF_ASSOCIATED_TREND"	NA
"IPF/FO23-1-06168"	"IPF/FO23-1-06168"	"IPF"	"Y40105L3"	TRUE	"Plasma"	"SPP1 macrophage"	"immune"	"fisher_z"	50	"primary"	-0.0254209766582651	"E05396"	"21-state | Plasma ↔ SPP1 macrophage | fisher_z@50um | IPF_vs_HC"	"IPF_ASSOCIATED_TREND"	NA
"IPF/FO23-1-06170"	"IPF/FO23-1-06170"	"IPF"	"Y40105L3"	TRUE	"Plasma"	"SPP1 macrophage"	"immune"	"fisher_z"	50	"primary"	-0.0155550614474065	"E05396"	"21-state | Plasma ↔ SPP1 macrophage | fisher_z@50um | IPF_vs_HC"	"IPF_ASSOCIATED_TREND"	NA
"SSC/07998/15A"	"SSC/07998/15A"	"SSc-ILD"	"Y40105L3"	TRUE	"Plasma"	"SPP1 macrophage"	"immune"	"fisher_z"	50	"primary"	-0.0939700441123188	"E05396"	"21-state | Plasma ↔ SPP1 macrophage | fisher_z@50um | IPF_vs_HC"	"IPF_ASSOCIATED_TREND"	NA
"SSC/15491/14"	"SSC/15491/14"	"SSc-ILD"	"Y40105L3"	TRUE	"Plasma"	"SPP1 macrophage"	"immune"	"fisher_z"	50	"primary"	-0.0812402024301348	"E05396"	"21-state | Plasma ↔ SPP1 macrophage | fisher_z@50um | IPF_vs_HC"	"IPF_ASSOCIATED_TREND"	NA
"HC/NL-50"	"HC/NL-50"	"HC"	"Y40102K8"	TRUE	"Ciliated epithelial"	"Dendritic cell"	NA	"fisher_z"	50	"primary"	-0.104439985183144	"E01352"	"18-state | Ciliated epithelial ↔ Dendritic cell | fisher_z@50um | IPF_vs_HC"	"IPF_ASSOCIATED_TREND"	FALSE
"HC/NL-53"	"HC/NL-53"	"HC"	"Y40102K8"	TRUE	"Ciliated epithelial"	"Dendritic cell"	NA	"fisher_z"	50	"primary"	0.0312054709423445	"E01352"	"18-state | Ciliated epithelial ↔ Dendritic cell | fisher_z@50um | IPF_vs_HC"	"IPF_ASSOCIATED_TREND"	FALSE
"IPF/FO22-1-09404"	"IPF/FO22-1-09404"	"IPF"	"Y40102K8"	TRUE	"Ciliated epithelial"	"Dendritic cell"	NA	"fisher_z"	50	"primary"	-0.0517908839146403	"E01352"	"18-state | Ciliated epithelial ↔ Dendritic cell | fisher_z@50um | IPF_vs_HC"	"IPF_ASSOCIATED_TREND"	FALSE
"IPF/FO23-1-06474"	"IPF/FO23-1-06474"	"IPF"	"Y40102K8"	TRUE	"Ciliated epithelial"	"Dendritic cell"	NA	"fisher_z"	50	"primary"	0.14231166999363	"E01352"	"18-state | Ciliated epithelial ↔ Dendritic cell | fisher_z@50um | IPF_vs_HC"	"IPF_ASSOCIATED_TREND"	FALSE
"SSC/15275/13"	"SSC/15275/13"	"SSc-ILD"	"Y40102K8"	TRUE	"Ciliated epithelial"	"Dendritic cell"	NA	"fisher_z"	50	"primary"	-0.0087181621406525	"E01352"	"18-state | Ciliated epithelial ↔ Dendritic cell | fisher_z@50um | IPF_vs_HC"	"IPF_ASSOCIATED_TREND"	FALSE
"SSC/24-1-18170A2"	"SSC/24-1-18170A2"	"SSc-ILD"	"Y40102K8"	TRUE	"Ciliated epithelial"	"Dendritic cell"	NA	"fisher_z"	50	"primary"	-0.00384129393720124	"E01352"	"18-state | Ciliated epithelial ↔ Dendritic cell | fisher_z@50um | IPF_vs_HC"	"IPF_ASSOCIATED_TREND"	FALSE
"SSC/3342/13"	"SSC/3342/13"	"SSc-ILD"	"Y40102K8"	TRUE	"Ciliated epithelial"	"Dendritic cell"	NA	"fisher_z"	50	"primary"	-0.0780380649658988	"E01352"	"18-state | Ciliated epithelial ↔ Dendritic cell | fisher_z@50um | IPF_vs_HC"	"IPF_ASSOCIATED_TREND"	FALSE
"HC/NL-55"	"HC/NL-55"	"HC"	"Y40105J2"	TRUE	"Ciliated epithelial"	"Dendritic cell"	NA	"fisher_z"	50	"primary"	-0.0970612028675573	"E01352"	"18-state | Ciliated epithelial ↔ Dendritic cell | fisher_z@50um | IPF_vs_HC"	"IPF_ASSOCIATED_TREND"	FALSE
"HC/NL-63"	"HC/NL-63"	"HC"	"Y40105J2"	TRUE	"Ciliated epithelial"	"Dendritic cell"	NA	"fisher_z"	50	"primary"	-0.0354472487571296	"E01352"	"18-state | Ciliated epithelial ↔ Dendritic cell | fisher_z@50um | IPF_vs_HC"	"IPF_ASSOCIATED_TREND"	FALSE
"IPF/FO23-1-03100"	"IPF/FO23-1-03100"	"IPF"	"Y40105J2"	TRUE	"Ciliated epithelial"	"Dendritic cell"	NA	"fisher_z"	50	"primary"	0.0560354224479439	"E01352"	"18-state | Ciliated epithelial ↔ Dendritic cell | fisher_z@50um | IPF_vs_HC"	"IPF_ASSOCIATED_TREND"	FALSE
"IPF/FO23-1-09473"	"IPF/FO23-1-09473"	"IPF"	"Y40105J2"	TRUE	"Ciliated epithelial"	"Dendritic cell"	NA	"fisher_z"	50	"primary"	0.024731653421529	"E01352"	"18-state | Ciliated epithelial ↔ Dendritic cell | fisher_z@50um | IPF_vs_HC"	"IPF_ASSOCIATED_TREND"	FALSE
"SSC/23-105334B1"	"SSC/23-105334B1"	"SSc-ILD"	"Y40105J2"	TRUE	"Ciliated epithelial"	"Dendritic cell"	NA	"fisher_z"	50	"primary"	0.0776147948980208	"E01352"	"18-state | Ciliated epithelial ↔ Dendritic cell | fisher_z@50um | IPF_vs_HC"	"IPF_ASSOCIATED_TREND"	FALSE
"SSC/FO20-I-08293B1"	"SSC/FO20-I-08293B1"	"SSc-ILD"	"Y40105J2"	TRUE	"Ciliated epithelial"	"Dendritic cell"	NA	"fisher_z"	50	"primary"	0.0753886766066368	"E01352"	"18-state | Ciliated epithelial ↔ Dendritic cell | fisher_z@50um | IPF_vs_HC"	"IPF_ASSOCIATED_TREND"	FALSE
"SSC/FO21-1-01756B1"	"SSC/FO21-1-01756B1"	"SSc-ILD"	"Y40105J2"	TRUE	"Ciliated epithelial"	"Dendritic cell"	NA	"fisher_z"	50	"primary"	0.00541868136496657	"E01352"	"18-state | Ciliated epithelial ↔ Dendritic cell | fisher_z@50um | IPF_vs_HC"	"IPF_ASSOCIATED_TREND"	FALSE
"HC/NL-72"	"HC/NL-72"	"HC"	"Y40105L3"	TRUE	"Ciliated epithelial"	"Dendritic cell"	NA	"fisher_z"	50	"primary"	-0.093262039967086	"E01352"	"18-state | Ciliated epithelial ↔ Dendritic cell | fisher_z@50um | IPF_vs_HC"	"IPF_ASSOCIATED_TREND"	FALSE
"IPF/FO23-1-06168"	"IPF/FO23-1-06168"	"IPF"	"Y40105L3"	TRUE	"Ciliated epithelial"	"Dendritic cell"	NA	"fisher_z"	50	"primary"	0.0155250428903853	"E01352"	"18-state | Ciliated epithelial ↔ Dendritic cell | fisher_z@50um | IPF_vs_HC"	"IPF_ASSOCIATED_TREND"	FALSE
"IPF/FO23-1-06170"	"IPF/FO23-1-06170"	"IPF"	"Y40105L3"	TRUE	"Ciliated epithelial"	"Dendritic cell"	NA	"fisher_z"	50	"primary"	-0.0030167581427342	"E01352"	"18-state | Ciliated epithelial ↔ Dendritic cell | fisher_z@50um | IPF_vs_HC"	"IPF_ASSOCIATED_TREND"	FALSE
"SSC/07998/15A"	"SSC/07998/15A"	"SSc-ILD"	"Y40105L3"	TRUE	"Ciliated epithelial"	"Dendritic cell"	NA	"fisher_z"	50	"primary"	0.0283507447572938	"E01352"	"18-state | Ciliated epithelial ↔ Dendritic cell | fisher_z@50um | IPF_vs_HC"	"IPF_ASSOCIATED_TREND"	FALSE
"SSC/15491/14"	"SSC/15491/14"	"SSc-ILD"	"Y40105L3"	TRUE	"Ciliated epithelial"	"Dendritic cell"	NA	"fisher_z"	50	"primary"	-0.058435426541122	"E01352"	"18-state | Ciliated epithelial ↔ Dendritic cell | fisher_z@50um | IPF_vs_HC"	"IPF_ASSOCIATED_TREND"	FALSE
"HC/NL-50"	"HC/NL-50"	"HC"	"Y40102K8"	TRUE	"Blood endothelial"	"Dendritic cell"	NA	"fisher_z"	50	"primary"	-0.0248932381048247	"E01364"	"18-state | Blood endothelial ↔ Dendritic cell | fisher_z@50um | IPF_vs_HC"	"IPF_ASSOCIATED_TREND"	FALSE
"HC/NL-53"	"HC/NL-53"	"HC"	"Y40102K8"	TRUE	"Blood endothelial"	"Dendritic cell"	NA	"fisher_z"	50	"primary"	0.0261649325064878	"E01364"	"18-state | Blood endothelial ↔ Dendritic cell | fisher_z@50um | IPF_vs_HC"	"IPF_ASSOCIATED_TREND"	FALSE
"IPF/FO22-1-09404"	"IPF/FO22-1-09404"	"IPF"	"Y40102K8"	TRUE	"Blood endothelial"	"Dendritic cell"	NA	"fisher_z"	50	"primary"	0.00196098991693168	"E01364"	"18-state | Blood endothelial ↔ Dendritic cell | fisher_z@50um | IPF_vs_HC"	"IPF_ASSOCIATED_TREND"	FALSE
"IPF/FO23-1-06474"	"IPF/FO23-1-06474"	"IPF"	"Y40102K8"	TRUE	"Blood endothelial"	"Dendritic cell"	NA	"fisher_z"	50	"primary"	0.0239079308265897	"E01364"	"18-state | Blood endothelial ↔ Dendritic cell | fisher_z@50um | IPF_vs_HC"	"IPF_ASSOCIATED_TREND"	FALSE
"SSC/15275/13"	"SSC/15275/13"	"SSc-ILD"	"Y40102K8"	TRUE	"Blood endothelial"	"Dendritic cell"	NA	"fisher_z"	50	"primary"	-0.0667538341011198	"E01364"	"18-state | Blood endothelial ↔ Dendritic cell | fisher_z@50um | IPF_vs_HC"	"IPF_ASSOCIATED_TREND"	FALSE
"SSC/24-1-18170A2"	"SSC/24-1-18170A2"	"SSc-ILD"	"Y40102K8"	TRUE	"Blood endothelial"	"Dendritic cell"	NA	"fisher_z"	50	"primary"	-0.0103893232200591	"E01364"	"18-state | Blood endothelial ↔ Dendritic cell | fisher_z@50um | IPF_vs_HC"	"IPF_ASSOCIATED_TREND"	FALSE
"SSC/3342/13"	"SSC/3342/13"	"SSc-ILD"	"Y40102K8"	TRUE	"Blood endothelial"	"Dendritic cell"	NA	"fisher_z"	50	"primary"	-0.050666616298623	"E01364"	"18-state | Blood endothelial ↔ Dendritic cell | fisher_z@50um | IPF_vs_HC"	"IPF_ASSOCIATED_TREND"	FALSE
"HC/NL-55"	"HC/NL-55"	"HC"	"Y40105J2"	TRUE	"Blood endothelial"	"Dendritic cell"	NA	"fisher_z"	50	"primary"	-0.017341922429145	"E01364"	"18-state | Blood endothelial ↔ Dendritic cell | fisher_z@50um | IPF_vs_HC"	"IPF_ASSOCIATED_TREND"	FALSE
"HC/NL-63"	"HC/NL-63"	"HC"	"Y40105J2"	TRUE	"Blood endothelial"	"Dendritic cell"	NA	"fisher_z"	50	"primary"	-0.0374242482590438	"E01364"	"18-state | Blood endothelial ↔ Dendritic cell | fisher_z@50um | IPF_vs_HC"	"IPF_ASSOCIATED_TREND"	FALSE
"IPF/FO23-1-03100"	"IPF/FO23-1-03100"	"IPF"	"Y40105J2"	TRUE	"Blood endothelial"	"Dendritic cell"	NA	"fisher_z"	50	"primary"	0.0156195465657244	"E01364"	"18-state | Blood endothelial ↔ Dendritic cell | fisher_z@50um | IPF_vs_HC"	"IPF_ASSOCIATED_TREND"	FALSE
"IPF/FO23-1-09473"	"IPF/FO23-1-09473"	"IPF"	"Y40105J2"	TRUE	"Blood endothelial"	"Dendritic cell"	NA	"fisher_z"	50	"primary"	0.120577851020301	"E01364"	"18-state | Blood endothelial ↔ Dendritic cell | fisher_z@50um | IPF_vs_HC"	"IPF_ASSOCIATED_TREND"	FALSE
"SSC/23-105334B1"	"SSC/23-105334B1"	"SSc-ILD"	"Y40105J2"	TRUE	"Blood endothelial"	"Dendritic cell"	NA	"fisher_z"	50	"primary"	0.0539405706882594	"E01364"	"18-state | Blood endothelial ↔ Dendritic cell | fisher_z@50um | IPF_vs_HC"	"IPF_ASSOCIATED_TREND"	FALSE
"SSC/FO20-I-08293B1"	"SSC/FO20-I-08293B1"	"SSc-ILD"	"Y40105J2"	TRUE	"Blood endothelial"	"Dendritic cell"	NA	"fisher_z"	50	"primary"	-0.0247873451875785	"E01364"	"18-state | Blood endothelial ↔ Dendritic cell | fisher_z@50um | IPF_vs_HC"	"IPF_ASSOCIATED_TREND"	FALSE
"SSC/FO21-1-01756B1"	"SSC/FO21-1-01756B1"	"SSc-ILD"	"Y40105J2"	TRUE	"Blood endothelial"	"Dendritic cell"	NA	"fisher_z"	50	"primary"	0.0216658349280818	"E01364"	"18-state | Blood endothelial ↔ Dendritic cell | fisher_z@50um | IPF_vs_HC"	"IPF_ASSOCIATED_TREND"	FALSE
"HC/NL-72"	"HC/NL-72"	"HC"	"Y40105L3"	TRUE	"Blood endothelial"	"Dendritic cell"	NA	"fisher_z"	50	"primary"	-0.00647056392563742	"E01364"	"18-state | Blood endothelial ↔ Dendritic cell | fisher_z@50um | IPF_vs_HC"	"IPF_ASSOCIATED_TREND"	FALSE
"IPF/FO23-1-06168"	"IPF/FO23-1-06168"	"IPF"	"Y40105L3"	TRUE	"Blood endothelial"	"Dendritic cell"	NA	"fisher_z"	50	"primary"	0.037345109727279	"E01364"	"18-state | Blood endothelial ↔ Dendritic cell | fisher_z@50um | IPF_vs_HC"	"IPF_ASSOCIATED_TREND"	FALSE
"IPF/FO23-1-06170"	"IPF/FO23-1-06170"	"IPF"	"Y40105L3"	TRUE	"Blood endothelial"	"Dendritic cell"	NA	"fisher_z"	50	"primary"	0.0364198846500368	"E01364"	"18-state | Blood endothelial ↔ Dendritic cell | fisher_z@50um | IPF_vs_HC"	"IPF_ASSOCIATED_TREND"	FALSE
"SSC/07998/15A"	"SSC/07998/15A"	"SSc-ILD"	"Y40105L3"	TRUE	"Blood endothelial"	"Dendritic cell"	NA	"fisher_z"	50	"primary"	-0.0191296997704703	"E01364"	"18-state | Blood endothelial ↔ Dendritic cell | fisher_z@50um | IPF_vs_HC"	"IPF_ASSOCIATED_TREND"	FALSE
"SSC/15491/14"	"SSC/15491/14"	"SSc-ILD"	"Y40105L3"	TRUE	"Blood endothelial"	"Dendritic cell"	NA	"fisher_z"	50	"primary"	-0.0391931016180742	"E01364"	"18-state | Blood endothelial ↔ Dendritic cell | fisher_z@50um | IPF_vs_HC"	"IPF_ASSOCIATED_TREND"	FALSE
"HC/NL-50"	"HC/NL-50"	"HC"	"Y40102K8"	TRUE	"Ciliated epithelial"	"Dendritic cell"	"unbiased"	"fisher_z"	50	"primary"	-0.014905729942593	"E03524"	"21-state | Ciliated epithelial ↔ Dendritic cell | fisher_z@50um | IPF_vs_HC"	"IPF_ASSOCIATED_TREND"	NA
"HC/NL-53"	"HC/NL-53"	"HC"	"Y40102K8"	TRUE	"Ciliated epithelial"	"Dendritic cell"	"unbiased"	"fisher_z"	50	"primary"	0.0980009127339721	"E03524"	"21-state | Ciliated epithelial ↔ Dendritic cell | fisher_z@50um | IPF_vs_HC"	"IPF_ASSOCIATED_TREND"	NA
"IPF/FO22-1-09404"	"IPF/FO22-1-09404"	"IPF"	"Y40102K8"	TRUE	"Ciliated epithelial"	"Dendritic cell"	"unbiased"	"fisher_z"	50	"primary"	0.0218663723011064	"E03524"	"21-state | Ciliated epithelial ↔ Dendritic cell | fisher_z@50um | IPF_vs_HC"	"IPF_ASSOCIATED_TREND"	NA
"IPF/FO23-1-06474"	"IPF/FO23-1-06474"	"IPF"	"Y40102K8"	TRUE	"Ciliated epithelial"	"Dendritic cell"	"unbiased"	"fisher_z"	50	"primary"	0.219864071554336	"E03524"	"21-state | Ciliated epithelial ↔ Dendritic cell | fisher_z@50um | IPF_vs_HC"	"IPF_ASSOCIATED_TREND"	NA
"SSC/15275/13"	"SSC/15275/13"	"SSc-ILD"	"Y40102K8"	TRUE	"Ciliated epithelial"	"Dendritic cell"	"unbiased"	"fisher_z"	50	"primary"	0.0420368829585025	"E03524"	"21-state | Ciliated epithelial ↔ Dendritic cell | fisher_z@50um | IPF_vs_HC"	"IPF_ASSOCIATED_TREND"	NA
"SSC/24-1-18170A2"	"SSC/24-1-18170A2"	"SSc-ILD"	"Y40102K8"	TRUE	"Ciliated epithelial"	"Dendritic cell"	"unbiased"	"fisher_z"	50	"primary"	0.0431335196713917	"E03524"	"21-state | Ciliated epithelial ↔ Dendritic cell | fisher_z@50um | IPF_vs_HC"	"IPF_ASSOCIATED_TREND"	NA
"SSC/3342/13"	"SSC/3342/13"	"SSc-ILD"	"Y40102K8"	TRUE	"Ciliated epithelial"	"Dendritic cell"	"unbiased"	"fisher_z"	50	"primary"	-0.0454180168520619	"E03524"	"21-state | Ciliated epithelial ↔ Dendritic cell | fisher_z@50um | IPF_vs_HC"	"IPF_ASSOCIATED_TREND"	NA
"HC/NL-55"	"HC/NL-55"	"HC"	"Y40105J2"	TRUE	"Ciliated epithelial"	"Dendritic cell"	"unbiased"	"fisher_z"	50	"primary"	-0.0614600065232247	"E03524"	"21-state | Ciliated epithelial ↔ Dendritic cell | fisher_z@50um | IPF_vs_HC"	"IPF_ASSOCIATED_TREND"	NA
"HC/NL-63"	"HC/NL-63"	"HC"	"Y40105J2"	TRUE	"Ciliated epithelial"	"Dendritic cell"	"unbiased"	"fisher_z"	50	"primary"	-0.037453269773998	"E03524"	"21-state | Ciliated epithelial ↔ Dendritic cell | fisher_z@50um | IPF_vs_HC"	"IPF_ASSOCIATED_TREND"	NA
"IPF/FO23-1-03100"	"IPF/FO23-1-03100"	"IPF"	"Y40105J2"	TRUE	"Ciliated epithelial"	"Dendritic cell"	"unbiased"	"fisher_z"	50	"primary"	0.0863864821773102	"E03524"	"21-state | Ciliated epithelial ↔ Dendritic cell | fisher_z@50um | IPF_vs_HC"	"IPF_ASSOCIATED_TREND"	NA
"IPF/FO23-1-09473"	"IPF/FO23-1-09473"	"IPF"	"Y40105J2"	TRUE	"Ciliated epithelial"	"Dendritic cell"	"unbiased"	"fisher_z"	50	"primary"	0.0382836724171988	"E03524"	"21-state | Ciliated epithelial ↔ Dendritic cell | fisher_z@50um | IPF_vs_HC"	"IPF_ASSOCIATED_TREND"	NA
"SSC/23-105334B1"	"SSC/23-105334B1"	"SSc-ILD"	"Y40105J2"	TRUE	"Ciliated epithelial"	"Dendritic cell"	"unbiased"	"fisher_z"	50	"primary"	0.0992903719819309	"E03524"	"21-state | Ciliated epithelial ↔ Dendritic cell | fisher_z@50um | IPF_vs_HC"	"IPF_ASSOCIATED_TREND"	NA
"SSC/FO20-I-08293B1"	"SSC/FO20-I-08293B1"	"SSc-ILD"	"Y40105J2"	TRUE	"Ciliated epithelial"	"Dendritic cell"	"unbiased"	"fisher_z"	50	"primary"	0.0981100567613678	"E03524"	"21-state | Ciliated epithelial ↔ Dendritic cell | fisher_z@50um | IPF_vs_HC"	"IPF_ASSOCIATED_TREND"	NA
"SSC/FO21-1-01756B1"	"SSC/FO21-1-01756B1"	"SSc-ILD"	"Y40105J2"	TRUE	"Ciliated epithelial"	"Dendritic cell"	"unbiased"	"fisher_z"	50	"primary"	0.0392581312848639	"E03524"	"21-state | Ciliated epithelial ↔ Dendritic cell | fisher_z@50um | IPF_vs_HC"	"IPF_ASSOCIATED_TREND"	NA
"HC/NL-72"	"HC/NL-72"	"HC"	"Y40105L3"	TRUE	"Ciliated epithelial"	"Dendritic cell"	"unbiased"	"fisher_z"	50	"primary"	-0.0537902657096362	"E03524"	"21-state | Ciliated epithelial ↔ Dendritic cell | fisher_z@50um | IPF_vs_HC"	"IPF_ASSOCIATED_TREND"	NA
"IPF/FO23-1-06168"	"IPF/FO23-1-06168"	"IPF"	"Y40105L3"	TRUE	"Ciliated epithelial"	"Dendritic cell"	"unbiased"	"fisher_z"	50	"primary"	0.0310266369586233	"E03524"	"21-state | Ciliated epithelial ↔ Dendritic cell | fisher_z@50um | IPF_vs_HC"	"IPF_ASSOCIATED_TREND"	NA
"IPF/FO23-1-06170"	"IPF/FO23-1-06170"	"IPF"	"Y40105L3"	TRUE	"Ciliated epithelial"	"Dendritic cell"	"unbiased"	"fisher_z"	50	"primary"	0.0216563761408517	"E03524"	"21-state | Ciliated epithelial ↔ Dendritic cell | fisher_z@50um | IPF_vs_HC"	"IPF_ASSOCIATED_TREND"	NA
"SSC/07998/15A"	"SSC/07998/15A"	"SSc-ILD"	"Y40105L3"	TRUE	"Ciliated epithelial"	"Dendritic cell"	"unbiased"	"fisher_z"	50	"primary"	0.0885902543949677	"E03524"	"21-state | Ciliated epithelial ↔ Dendritic cell | fisher_z@50um | IPF_vs_HC"	"IPF_ASSOCIATED_TREND"	NA
"SSC/15491/14"	"SSC/15491/14"	"SSc-ILD"	"Y40105L3"	TRUE	"Ciliated epithelial"	"Dendritic cell"	"unbiased"	"fisher_z"	50	"primary"	-0.00670015290537797	"E03524"	"21-state | Ciliated epithelial ↔ Dendritic cell | fisher_z@50um | IPF_vs_HC"	"IPF_ASSOCIATED_TREND"	NA
"HC/NL-50"	"HC/NL-50"	"HC"	"Y40102K8"	TRUE	"Blood endothelial"	"Dendritic cell"	NA	"fisher_z"	50	"primary"	-0.0248932381048247	"E01365"	"18-state | Blood endothelial ↔ Dendritic cell | fisher_z@50um | SSc-ILD_vs_IPF"	"SSC_VS_IPF_ONLY_LOW_PRIORITY"	FALSE
"HC/NL-53"	"HC/NL-53"	"HC"	"Y40102K8"	TRUE	"Blood endothelial"	"Dendritic cell"	NA	"fisher_z"	50	"primary"	0.0261649325064878	"E01365"	"18-state | Blood endothelial ↔ Dendritic cell | fisher_z@50um | SSc-ILD_vs_IPF"	"SSC_VS_IPF_ONLY_LOW_PRIORITY"	FALSE
"IPF/FO22-1-09404"	"IPF/FO22-1-09404"	"IPF"	"Y40102K8"	TRUE	"Blood endothelial"	"Dendritic cell"	NA	"fisher_z"	50	"primary"	0.00196098991693168	"E01365"	"18-state | Blood endothelial ↔ Dendritic cell | fisher_z@50um | SSc-ILD_vs_IPF"	"SSC_VS_IPF_ONLY_LOW_PRIORITY"	FALSE
"IPF/FO23-1-06474"	"IPF/FO23-1-06474"	"IPF"	"Y40102K8"	TRUE	"Blood endothelial"	"Dendritic cell"	NA	"fisher_z"	50	"primary"	0.0239079308265897	"E01365"	"18-state | Blood endothelial ↔ Dendritic cell | fisher_z@50um | SSc-ILD_vs_IPF"	"SSC_VS_IPF_ONLY_LOW_PRIORITY"	FALSE
"SSC/15275/13"	"SSC/15275/13"	"SSc-ILD"	"Y40102K8"	TRUE	"Blood endothelial"	"Dendritic cell"	NA	"fisher_z"	50	"primary"	-0.0667538341011198	"E01365"	"18-state | Blood endothelial ↔ Dendritic cell | fisher_z@50um | SSc-ILD_vs_IPF"	"SSC_VS_IPF_ONLY_LOW_PRIORITY"	FALSE
"SSC/24-1-18170A2"	"SSC/24-1-18170A2"	"SSc-ILD"	"Y40102K8"	TRUE	"Blood endothelial"	"Dendritic cell"	NA	"fisher_z"	50	"primary"	-0.0103893232200591	"E01365"	"18-state | Blood endothelial ↔ Dendritic cell | fisher_z@50um | SSc-ILD_vs_IPF"	"SSC_VS_IPF_ONLY_LOW_PRIORITY"	FALSE
"SSC/3342/13"	"SSC/3342/13"	"SSc-ILD"	"Y40102K8"	TRUE	"Blood endothelial"	"Dendritic cell"	NA	"fisher_z"	50	"primary"	-0.050666616298623	"E01365"	"18-state | Blood endothelial ↔ Dendritic cell | fisher_z@50um | SSc-ILD_vs_IPF"	"SSC_VS_IPF_ONLY_LOW_PRIORITY"	FALSE
"HC/NL-55"	"HC/NL-55"	"HC"	"Y40105J2"	TRUE	"Blood endothelial"	"Dendritic cell"	NA	"fisher_z"	50	"primary"	-0.017341922429145	"E01365"	"18-state | Blood endothelial ↔ Dendritic cell | fisher_z@50um | SSc-ILD_vs_IPF"	"SSC_VS_IPF_ONLY_LOW_PRIORITY"	FALSE
"HC/NL-63"	"HC/NL-63"	"HC"	"Y40105J2"	TRUE	"Blood endothelial"	"Dendritic cell"	NA	"fisher_z"	50	"primary"	-0.0374242482590438	"E01365"	"18-state | Blood endothelial ↔ Dendritic cell | fisher_z@50um | SSc-ILD_vs_IPF"	"SSC_VS_IPF_ONLY_LOW_PRIORITY"	FALSE
"IPF/FO23-1-03100"	"IPF/FO23-1-03100"	"IPF"	"Y40105J2"	TRUE	"Blood endothelial"	"Dendritic cell"	NA	"fisher_z"	50	"primary"	0.0156195465657244	"E01365"	"18-state | Blood endothelial ↔ Dendritic cell | fisher_z@50um | SSc-ILD_vs_IPF"	"SSC_VS_IPF_ONLY_LOW_PRIORITY"	FALSE
"IPF/FO23-1-09473"	"IPF/FO23-1-09473"	"IPF"	"Y40105J2"	TRUE	"Blood endothelial"	"Dendritic cell"	NA	"fisher_z"	50	"primary"	0.120577851020301	"E01365"	"18-state | Blood endothelial ↔ Dendritic cell | fisher_z@50um | SSc-ILD_vs_IPF"	"SSC_VS_IPF_ONLY_LOW_PRIORITY"	FALSE
"SSC/23-105334B1"	"SSC/23-105334B1"	"SSc-ILD"	"Y40105J2"	TRUE	"Blood endothelial"	"Dendritic cell"	NA	"fisher_z"	50	"primary"	0.0539405706882594	"E01365"	"18-state | Blood endothelial ↔ Dendritic cell | fisher_z@50um | SSc-ILD_vs_IPF"	"SSC_VS_IPF_ONLY_LOW_PRIORITY"	FALSE
"SSC/FO20-I-08293B1"	"SSC/FO20-I-08293B1"	"SSc-ILD"	"Y40105J2"	TRUE	"Blood endothelial"	"Dendritic cell"	NA	"fisher_z"	50	"primary"	-0.0247873451875785	"E01365"	"18-state | Blood endothelial ↔ Dendritic cell | fisher_z@50um | SSc-ILD_vs_IPF"	"SSC_VS_IPF_ONLY_LOW_PRIORITY"	FALSE
"SSC/FO21-1-01756B1"	"SSC/FO21-1-01756B1"	"SSc-ILD"	"Y40105J2"	TRUE	"Blood endothelial"	"Dendritic cell"	NA	"fisher_z"	50	"primary"	0.0216658349280818	"E01365"	"18-state | Blood endothelial ↔ Dendritic cell | fisher_z@50um | SSc-ILD_vs_IPF"	"SSC_VS_IPF_ONLY_LOW_PRIORITY"	FALSE
"HC/NL-72"	"HC/NL-72"	"HC"	"Y40105L3"	TRUE	"Blood endothelial"	"Dendritic cell"	NA	"fisher_z"	50	"primary"	-0.00647056392563742	"E01365"	"18-state | Blood endothelial ↔ Dendritic cell | fisher_z@50um | SSc-ILD_vs_IPF"	"SSC_VS_IPF_ONLY_LOW_PRIORITY"	FALSE
"IPF/FO23-1-06168"	"IPF/FO23-1-06168"	"IPF"	"Y40105L3"	TRUE	"Blood endothelial"	"Dendritic cell"	NA	"fisher_z"	50	"primary"	0.037345109727279	"E01365"	"18-state | Blood endothelial ↔ Dendritic cell | fisher_z@50um | SSc-ILD_vs_IPF"	"SSC_VS_IPF_ONLY_LOW_PRIORITY"	FALSE
"IPF/FO23-1-06170"	"IPF/FO23-1-06170"	"IPF"	"Y40105L3"	TRUE	"Blood endothelial"	"Dendritic cell"	NA	"fisher_z"	50	"primary"	0.0364198846500368	"E01365"	"18-state | Blood endothelial ↔ Dendritic cell | fisher_z@50um | SSc-ILD_vs_IPF"	"SSC_VS_IPF_ONLY_LOW_PRIORITY"	FALSE
"SSC/07998/15A"	"SSC/07998/15A"	"SSc-ILD"	"Y40105L3"	TRUE	"Blood endothelial"	"Dendritic cell"	NA	"fisher_z"	50	"primary"	-0.0191296997704703	"E01365"	"18-state | Blood endothelial ↔ Dendritic cell | fisher_z@50um | SSc-ILD_vs_IPF"	"SSC_VS_IPF_ONLY_LOW_PRIORITY"	FALSE
"SSC/15491/14"	"SSC/15491/14"	"SSc-ILD"	"Y40105L3"	TRUE	"Blood endothelial"	"Dendritic cell"	NA	"fisher_z"	50	"primary"	-0.0391931016180742	"E01365"	"18-state | Blood endothelial ↔ Dendritic cell | fisher_z@50um | SSc-ILD_vs_IPF"	"SSC_VS_IPF_ONLY_LOW_PRIORITY"	FALSE
"HC/NL-50"	"HC/NL-50"	"HC"	"Y40102K8"	TRUE	"B"	"T"	NA	"fisher_z"	50	"primary"	-0.00965946309452973	"E01050"	"18-state | B ↔ T | fisher_z@50um | SSc-ILD_vs_IPF"	"SSC_VS_IPF_ONLY_LOW_PRIORITY"	TRUE
"HC/NL-53"	"HC/NL-53"	"HC"	"Y40102K8"	TRUE	"B"	"T"	NA	"fisher_z"	50	"primary"	0.0843754111239317	"E01050"	"18-state | B ↔ T | fisher_z@50um | SSc-ILD_vs_IPF"	"SSC_VS_IPF_ONLY_LOW_PRIORITY"	TRUE
"IPF/FO22-1-09404"	"IPF/FO22-1-09404"	"IPF"	"Y40102K8"	TRUE	"B"	"T"	NA	"fisher_z"	50	"primary"	0.191729378169441	"E01050"	"18-state | B ↔ T | fisher_z@50um | SSc-ILD_vs_IPF"	"SSC_VS_IPF_ONLY_LOW_PRIORITY"	TRUE
"IPF/FO23-1-06474"	"IPF/FO23-1-06474"	"IPF"	"Y40102K8"	TRUE	"B"	"T"	NA	"fisher_z"	50	"primary"	-0.003528914715402	"E01050"	"18-state | B ↔ T | fisher_z@50um | SSc-ILD_vs_IPF"	"SSC_VS_IPF_ONLY_LOW_PRIORITY"	TRUE
"SSC/15275/13"	"SSC/15275/13"	"SSc-ILD"	"Y40102K8"	TRUE	"B"	"T"	NA	"fisher_z"	50	"primary"	0.027658861838361	"E01050"	"18-state | B ↔ T | fisher_z@50um | SSc-ILD_vs_IPF"	"SSC_VS_IPF_ONLY_LOW_PRIORITY"	TRUE
"SSC/24-1-18170A2"	"SSC/24-1-18170A2"	"SSc-ILD"	"Y40102K8"	TRUE	"B"	"T"	NA	"fisher_z"	50	"primary"	0.0195974108432989	"E01050"	"18-state | B ↔ T | fisher_z@50um | SSc-ILD_vs_IPF"	"SSC_VS_IPF_ONLY_LOW_PRIORITY"	TRUE
"SSC/3342/13"	"SSC/3342/13"	"SSc-ILD"	"Y40102K8"	TRUE	"B"	"T"	NA	"fisher_z"	50	"primary"	-0.116206084364563	"E01050"	"18-state | B ↔ T | fisher_z@50um | SSc-ILD_vs_IPF"	"SSC_VS_IPF_ONLY_LOW_PRIORITY"	TRUE
"HC/NL-55"	"HC/NL-55"	"HC"	"Y40105J2"	TRUE	"B"	"T"	NA	"fisher_z"	50	"primary"	0.0304008567151787	"E01050"	"18-state | B ↔ T | fisher_z@50um | SSc-ILD_vs_IPF"	"SSC_VS_IPF_ONLY_LOW_PRIORITY"	TRUE
"HC/NL-63"	"HC/NL-63"	"HC"	"Y40105J2"	TRUE	"B"	"T"	NA	"fisher_z"	50	"primary"	0.00205380835875408	"E01050"	"18-state | B ↔ T | fisher_z@50um | SSc-ILD_vs_IPF"	"SSC_VS_IPF_ONLY_LOW_PRIORITY"	TRUE
"IPF/FO23-1-03100"	"IPF/FO23-1-03100"	"IPF"	"Y40105J2"	TRUE	"B"	"T"	NA	"fisher_z"	50	"primary"	0.0392764830903455	"E01050"	"18-state | B ↔ T | fisher_z@50um | SSc-ILD_vs_IPF"	"SSC_VS_IPF_ONLY_LOW_PRIORITY"	TRUE
"IPF/FO23-1-09473"	"IPF/FO23-1-09473"	"IPF"	"Y40105J2"	TRUE	"B"	"T"	NA	"fisher_z"	50	"primary"	0.0865012714051124	"E01050"	"18-state | B ↔ T | fisher_z@50um | SSc-ILD_vs_IPF"	"SSC_VS_IPF_ONLY_LOW_PRIORITY"	TRUE
"SSC/23-105334B1"	"SSC/23-105334B1"	"SSc-ILD"	"Y40105J2"	TRUE	"B"	"T"	NA	"fisher_z"	50	"primary"	0.0133789242052025	"E01050"	"18-state | B ↔ T | fisher_z@50um | SSc-ILD_vs_IPF"	"SSC_VS_IPF_ONLY_LOW_PRIORITY"	TRUE
"SSC/FO20-I-08293B1"	"SSC/FO20-I-08293B1"	"SSc-ILD"	"Y40105J2"	TRUE	"B"	"T"	NA	"fisher_z"	50	"primary"	0.062527016047849	"E01050"	"18-state | B ↔ T | fisher_z@50um | SSc-ILD_vs_IPF"	"SSC_VS_IPF_ONLY_LOW_PRIORITY"	TRUE
"SSC/FO21-1-01756B1"	"SSC/FO21-1-01756B1"	"SSc-ILD"	"Y40105J2"	TRUE	"B"	"T"	NA	"fisher_z"	50	"primary"	-0.0436431022650767	"E01050"	"18-state | B ↔ T | fisher_z@50um | SSc-ILD_vs_IPF"	"SSC_VS_IPF_ONLY_LOW_PRIORITY"	TRUE
"HC/NL-72"	"HC/NL-72"	"HC"	"Y40105L3"	TRUE	"B"	"T"	NA	"fisher_z"	50	"primary"	0.0369690079308701	"E01050"	"18-state | B ↔ T | fisher_z@50um | SSc-ILD_vs_IPF"	"SSC_VS_IPF_ONLY_LOW_PRIORITY"	TRUE
"IPF/FO23-1-06168"	"IPF/FO23-1-06168"	"IPF"	"Y40105L3"	TRUE	"B"	"T"	NA	"fisher_z"	50	"primary"	0.0906546842039909	"E01050"	"18-state | B ↔ T | fisher_z@50um | SSc-ILD_vs_IPF"	"SSC_VS_IPF_ONLY_LOW_PRIORITY"	TRUE
"IPF/FO23-1-06170"	"IPF/FO23-1-06170"	"IPF"	"Y40105L3"	TRUE	"B"	"T"	NA	"fisher_z"	50	"primary"	0.036537827842699	"E01050"	"18-state | B ↔ T | fisher_z@50um | SSc-ILD_vs_IPF"	"SSC_VS_IPF_ONLY_LOW_PRIORITY"	TRUE
"SSC/07998/15A"	"SSC/07998/15A"	"SSc-ILD"	"Y40105L3"	TRUE	"B"	"T"	NA	"fisher_z"	50	"primary"	0.0246981122396644	"E01050"	"18-state | B ↔ T | fisher_z@50um | SSc-ILD_vs_IPF"	"SSC_VS_IPF_ONLY_LOW_PRIORITY"	TRUE
"SSC/15491/14"	"SSC/15491/14"	"SSc-ILD"	"Y40105L3"	TRUE	"B"	"T"	NA	"fisher_z"	50	"primary"	0.0270051184829797	"E01050"	"18-state | B ↔ T | fisher_z@50um | SSc-ILD_vs_IPF"	"SSC_VS_IPF_ONLY_LOW_PRIORITY"	TRUE
"HC/NL-50"	"HC/NL-50"	"HC"	"Y40102K8"	TRUE	"Blood endothelial"	"Dendritic cell"	"unbiased"	"fisher_z"	50	"primary"	0.0352263599297489	"E03573"	"21-state | Blood endothelial ↔ Dendritic cell | fisher_z@50um | SSc-ILD_vs_IPF"	"SSC_VS_IPF_ONLY_LOW_PRIORITY"	NA
"HC/NL-53"	"HC/NL-53"	"HC"	"Y40102K8"	TRUE	"Blood endothelial"	"Dendritic cell"	"unbiased"	"fisher_z"	50	"primary"	0.0643290436840439	"E03573"	"21-state | Blood endothelial ↔ Dendritic cell | fisher_z@50um | SSc-ILD_vs_IPF"	"SSC_VS_IPF_ONLY_LOW_PRIORITY"	NA
"IPF/FO22-1-09404"	"IPF/FO22-1-09404"	"IPF"	"Y40102K8"	TRUE	"Blood endothelial"	"Dendritic cell"	"unbiased"	"fisher_z"	50	"primary"	0.0617076202762704	"E03573"	"21-state | Blood endothelial ↔ Dendritic cell | fisher_z@50um | SSc-ILD_vs_IPF"	"SSC_VS_IPF_ONLY_LOW_PRIORITY"	NA
"IPF/FO23-1-06474"	"IPF/FO23-1-06474"	"IPF"	"Y40102K8"	TRUE	"Blood endothelial"	"Dendritic cell"	"unbiased"	"fisher_z"	50	"primary"	0.0299615009214962	"E03573"	"21-state | Blood endothelial ↔ Dendritic cell | fisher_z@50um | SSc-ILD_vs_IPF"	"SSC_VS_IPF_ONLY_LOW_PRIORITY"	NA
"SSC/15275/13"	"SSC/15275/13"	"SSc-ILD"	"Y40102K8"	TRUE	"Blood endothelial"	"Dendritic cell"	"unbiased"	"fisher_z"	50	"primary"	0.0061221609276912	"E03573"	"21-state | Blood endothelial ↔ Dendritic cell | fisher_z@50um | SSc-ILD_vs_IPF"	"SSC_VS_IPF_ONLY_LOW_PRIORITY"	NA
"SSC/24-1-18170A2"	"SSC/24-1-18170A2"	"SSc-ILD"	"Y40102K8"	TRUE	"Blood endothelial"	"Dendritic cell"	"unbiased"	"fisher_z"	50	"primary"	0.0429102531107085	"E03573"	"21-state | Blood endothelial ↔ Dendritic cell | fisher_z@50um | SSc-ILD_vs_IPF"	"SSC_VS_IPF_ONLY_LOW_PRIORITY"	NA
"SSC/3342/13"	"SSC/3342/13"	"SSc-ILD"	"Y40102K8"	TRUE	"Blood endothelial"	"Dendritic cell"	"unbiased"	"fisher_z"	50	"primary"	-0.0558659779041302	"E03573"	"21-state | Blood endothelial ↔ Dendritic cell | fisher_z@50um | SSc-ILD_vs_IPF"	"SSC_VS_IPF_ONLY_LOW_PRIORITY"	NA
"HC/NL-55"	"HC/NL-55"	"HC"	"Y40105J2"	TRUE	"Blood endothelial"	"Dendritic cell"	"unbiased"	"fisher_z"	50	"primary"	-0.00125231111671889	"E03573"	"21-state | Blood endothelial ↔ Dendritic cell | fisher_z@50um | SSc-ILD_vs_IPF"	"SSC_VS_IPF_ONLY_LOW_PRIORITY"	NA
"HC/NL-63"	"HC/NL-63"	"HC"	"Y40105J2"	TRUE	"Blood endothelial"	"Dendritic cell"	"unbiased"	"fisher_z"	50	"primary"	-0.0491236433887995	"E03573"	"21-state | Blood endothelial ↔ Dendritic cell | fisher_z@50um | SSc-ILD_vs_IPF"	"SSC_VS_IPF_ONLY_LOW_PRIORITY"	NA
"IPF/FO23-1-03100"	"IPF/FO23-1-03100"	"IPF"	"Y40105J2"	TRUE	"Blood endothelial"	"Dendritic cell"	"unbiased"	"fisher_z"	50	"primary"	0.0332525118518862	"E03573"	"21-state | Blood endothelial ↔ Dendritic cell | fisher_z@50um | SSc-ILD_vs_IPF"	"SSC_VS_IPF_ONLY_LOW_PRIORITY"	NA
"IPF/FO23-1-09473"	"IPF/FO23-1-09473"	"IPF"	"Y40105J2"	TRUE	"Blood endothelial"	"Dendritic cell"	"unbiased"	"fisher_z"	50	"primary"	0.131557094834047	"E03573"	"21-state | Blood endothelial ↔ Dendritic cell | fisher_z@50um | SSc-ILD_vs_IPF"	"SSC_VS_IPF_ONLY_LOW_PRIORITY"	NA
"SSC/23-105334B1"	"SSC/23-105334B1"	"SSc-ILD"	"Y40105J2"	TRUE	"Blood endothelial"	"Dendritic cell"	"unbiased"	"fisher_z"	50	"primary"	0.0523276100022462	"E03573"	"21-state | Blood endothelial ↔ Dendritic cell | fisher_z@50um | SSc-ILD_vs_IPF"	"SSC_VS_IPF_ONLY_LOW_PRIORITY"	NA
"SSC/FO20-I-08293B1"	"SSC/FO20-I-08293B1"	"SSc-ILD"	"Y40105J2"	TRUE	"Blood endothelial"	"Dendritic cell"	"unbiased"	"fisher_z"	50	"primary"	0.0194194723127628	"E03573"	"21-state | Blood endothelial ↔ Dendritic cell | fisher_z@50um | SSc-ILD_vs_IPF"	"SSC_VS_IPF_ONLY_LOW_PRIORITY"	NA
"SSC/FO21-1-01756B1"	"SSC/FO21-1-01756B1"	"SSc-ILD"	"Y40105J2"	TRUE	"Blood endothelial"	"Dendritic cell"	"unbiased"	"fisher_z"	50	"primary"	0.0353948837025282	"E03573"	"21-state | Blood endothelial ↔ Dendritic cell | fisher_z@50um | SSc-ILD_vs_IPF"	"SSC_VS_IPF_ONLY_LOW_PRIORITY"	NA
"HC/NL-72"	"HC/NL-72"	"HC"	"Y40105L3"	TRUE	"Blood endothelial"	"Dendritic cell"	"unbiased"	"fisher_z"	50	"primary"	0.0332566184330644	"E03573"	"21-state | Blood endothelial ↔ Dendritic cell | fisher_z@50um | SSc-ILD_vs_IPF"	"SSC_VS_IPF_ONLY_LOW_PRIORITY"	NA
"IPF/FO23-1-06168"	"IPF/FO23-1-06168"	"IPF"	"Y40105L3"	TRUE	"Blood endothelial"	"Dendritic cell"	"unbiased"	"fisher_z"	50	"primary"	0.0595894901139494	"E03573"	"21-state | Blood endothelial ↔ Dendritic cell | fisher_z@50um | SSc-ILD_vs_IPF"	"SSC_VS_IPF_ONLY_LOW_PRIORITY"	NA
"IPF/FO23-1-06170"	"IPF/FO23-1-06170"	"IPF"	"Y40105L3"	TRUE	"Blood endothelial"	"Dendritic cell"	"unbiased"	"fisher_z"	50	"primary"	0.0667613750120346	"E03573"	"21-state | Blood endothelial ↔ Dendritic cell | fisher_z@50um | SSc-ILD_vs_IPF"	"SSC_VS_IPF_ONLY_LOW_PRIORITY"	NA
"SSC/07998/15A"	"SSC/07998/15A"	"SSc-ILD"	"Y40105L3"	TRUE	"Blood endothelial"	"Dendritic cell"	"unbiased"	"fisher_z"	50	"primary"	0.0494201978016608	"E03573"	"21-state | Blood endothelial ↔ Dendritic cell | fisher_z@50um | SSc-ILD_vs_IPF"	"SSC_VS_IPF_ONLY_LOW_PRIORITY"	NA
"SSC/15491/14"	"SSC/15491/14"	"SSc-ILD"	"Y40105L3"	TRUE	"Blood endothelial"	"Dendritic cell"	"unbiased"	"fisher_z"	50	"primary"	-0.0245909167694563	"E03573"	"21-state | Blood endothelial ↔ Dendritic cell | fisher_z@50um | SSc-ILD_vs_IPF"	"SSC_VS_IPF_ONLY_LOW_PRIORITY"	NA
