scope	patient_id	disease	source_niche	neighboring_niche	unique_edge_count	source_incident_edge_end_n	total_unique_edge_n	source_total_incident_edge_end_n	row_normalized_adjacency_fraction	total_edge_normalized_fraction	same_niche_adjacency_fraction	heterotypic_adjacency_proportion
all_J2	ALL	ALL	N1	N1	26796	53592	218614	101341	0.528828411008378	0.122572204890812	0.528828411008378	0.471171588991622
all_J2	ALL	ALL	N1	N2	12756	12756	218614	101341	0.125872055732626	0.0583494195248246	0.528828411008378	0.471171588991622
all_J2	ALL	ALL	N1	N3	2864	2864	218614	101341	0.0282610197254813	0.0131007163310675	0.528828411008378	0.471171588991622
all_J2	ALL	ALL	N1	N4	15242	15242	218614	101341	0.150403094502719	0.0697210608652694	0.528828411008378	0.471171588991622
all_J2	ALL	ALL	N1	N5	16887	16887	218614	101341	0.166635419030797	0.0772457390652017	0.528828411008378	0.471171588991622
all_J2	ALL	ALL	N2	N1	12756	12756	218614	90603	0.140790040064899	0.0583494195248246	0.472213944350629	0.527786055649371
all_J2	ALL	ALL	N2	N2	21392	42784	218614	90603	0.472213944350629	0.0978528365063537	0.472213944350629	0.527786055649371
all_J2	ALL	ALL	N2	N3	11486	11486	218614	90603	0.126772844166308	0.0525400934981291	0.472213944350629	0.527786055649371
all_J2	ALL	ALL	N2	N4	12889	12889	218614	90603	0.142257982627507	0.0589577977622659	0.472213944350629	0.527786055649371
all_J2	ALL	ALL	N2	N5	10688	10688	218614	90603	0.117965188790658	0.0488898240734811	0.472213944350629	0.527786055649371
all_J2	ALL	ALL	N3	N1	2864	2864	218614	65807	0.0435212059507347	0.0131007163310675	0.435911073290075	0.564088926709925
all_J2	ALL	ALL	N3	N2	11486	11486	218614	65807	0.174540702356892	0.0525400934981291	0.435911073290075	0.564088926709925
all_J2	ALL	ALL	N3	N3	14343	28686	218614	65807	0.435911073290075	0.0656087899219629	0.435911073290075	0.564088926709925
all_J2	ALL	ALL	N3	N4	11853	11853	218614	65807	0.18011761666692	0.0542188514916703	0.435911073290075	0.564088926709925
all_J2	ALL	ALL	N3	N5	10918	10918	218614	65807	0.165909401735378	0.049941906739733	0.435911073290075	0.564088926709925
all_J2	ALL	ALL	N4	N1	15242	15242	218614	90992	0.167509231580798	0.0697210608652694	0.435862493406014	0.564137506593986
all_J2	ALL	ALL	N4	N2	12889	12889	218614	90992	0.141649815368384	0.0589577977622659	0.435862493406014	0.564137506593986
all_J2	ALL	ALL	N4	N3	11853	11853	218614	90992	0.130264199050466	0.0542188514916703	0.435862493406014	0.564137506593986
all_J2	ALL	ALL	N4	N4	19830	39660	218614	90992	0.435862493406014	0.0907078229207645	0.435862493406014	0.564137506593986
all_J2	ALL	ALL	N4	N5	11348	11348	218614	90992	0.124714260594338	0.051908843898378	0.435862493406014	0.564137506593986
all_J2	ALL	ALL	N5	N1	16887	16887	218614	88485	0.190845906085777	0.0772457390652017	0.436729389162005	0.563270610837995
all_J2	ALL	ALL	N5	N2	10688	10688	218614	88485	0.120788834265695	0.0488898240734811	0.436729389162005	0.563270610837995
all_J2	ALL	ALL	N5	N3	10918	10918	218614	88485	0.123388144883314	0.049941906739733	0.436729389162005	0.563270610837995
all_J2	ALL	ALL	N5	N4	11348	11348	218614	88485	0.12824772560321	0.051908843898378	0.436729389162005	0.563270610837995
all_J2	ALL	ALL	N5	N5	19322	38644	218614	88485	0.436729389162005	0.0883840925100863	0.436729389162005	0.563270610837995
patient	HC/NL-55	HC	N1	N1	6978	13956	39587	23717	0.588438672682042	0.176269987622199	0.588438672682042	0.411561327317958
patient	HC/NL-55	HC	N1	N2	3750	3750	39587	23717	0.158114432685416	0.094728067294819	0.588438672682042	0.411561327317958
patient	HC/NL-55	HC	N1	N3	406	406	39587	23717	0.017118522578741	0.0102558920857857	0.588438672682042	0.411561327317958
patient	HC/NL-55	HC	N1	N4	3547	3547	39587	23717	0.149555171396045	0.0896001212519261	0.588438672682042	0.411561327317958
patient	HC/NL-55	HC	N1	N5	2058	2058	39587	23717	0.086773200657756	0.0519867633313967	0.588438672682042	0.411561327317958
patient	HC/NL-55	HC	N2	N1	3750	3750	39587	22819	0.164336736929752	0.094728067294819	0.605022130680573	0.394977869319427
patient	HC/NL-55	HC	N2	N2	6903	13806	39587	22819	0.605022130680573	0.174375426276303	0.605022130680573	0.394977869319427
patient	HC/NL-55	HC	N2	N3	1066	1066	39587	22819	0.0467154564178974	0.0269280319296739	0.605022130680573	0.394977869319427
patient	HC/NL-55	HC	N2	N4	2951	2951	39587	22819	0.129322056181252	0.0745446737565362	0.605022130680573	0.394977869319427
patient	HC/NL-55	HC	N2	N5	1246	1246	39587	22819	0.0546036197905255	0.0314749791598252	0.605022130680573	0.394977869319427
patient	HC/NL-55	HC	N3	N1	406	406	39587	6526	0.0622126877106957	0.0102558920857857	0.409745632853203	0.590254367146797
patient	HC/NL-55	HC	N3	N2	1066	1066	39587	6526	0.163346613545817	0.0269280319296739	0.409745632853203	0.590254367146797
patient	HC/NL-55	HC	N3	N3	1337	2674	39587	6526	0.409745632853203	0.0337737135928461	0.409745632853203	0.590254367146797
patient	HC/NL-55	HC	N3	N4	1343	1343	39587	6526	0.205792215752375	0.0339252785005178	0.409745632853203	0.590254367146797
patient	HC/NL-55	HC	N3	N5	1037	1037	39587	6526	0.15890285013791	0.0261954682092606	0.409745632853203	0.590254367146797
patient	HC/NL-55	HC	N4	N1	3547	3547	39587	16964	0.209089837302523	0.0896001212519261	0.455670832350861	0.544329167649139
patient	HC/NL-55	HC	N4	N2	2951	2951	39587	16964	0.173956614006131	0.0745446737565362	0.455670832350861	0.544329167649139
patient	HC/NL-55	HC	N4	N3	1343	1343	39587	16964	0.0791676491393539	0.0339252785005178	0.455670832350861	0.544329167649139
patient	HC/NL-55	HC	N4	N4	3865	7730	39587	16964	0.455670832350861	0.0976330613585268	0.455670832350861	0.544329167649139
patient	HC/NL-55	HC	N4	N5	1393	1393	39587	16964	0.0821150672011318	0.0351883193977821	0.455670832350861	0.544329167649139
patient	HC/NL-55	HC	N5	N1	2058	2058	39587	9148	0.224967205946655	0.0519867633313967	0.373196327066025	0.626803672933975
patient	HC/NL-55	HC	N5	N2	1246	1246	39587	9148	0.136204634892873	0.0314749791598252	0.373196327066025	0.626803672933975
patient	HC/NL-55	HC	N5	N3	1037	1037	39587	9148	0.113358111062527	0.0261954682092606	0.373196327066025	0.626803672933975
patient	HC/NL-55	HC	N5	N4	1393	1393	39587	9148	0.15227372103192	0.0351883193977821	0.373196327066025	0.626803672933975
patient	HC/NL-55	HC	N5	N5	1707	3414	39587	9148	0.373196327066025	0.0431202162326016	0.373196327066025	0.626803672933975
patient	HC/NL-63	HC	N1	N1	373	746	20503	2814	0.265103056147832	0.0181924596400527	0.265103056147832	0.734896943852168
patient	HC/NL-63	HC	N1	N2	822	822	20503	2814	0.292110874200426	0.0400916938984539	0.265103056147832	0.734896943852168
patient	HC/NL-63	HC	N1	N3	238	238	20503	2814	0.0845771144278607	0.0116080573574599	0.265103056147832	0.734896943852168
patient	HC/NL-63	HC	N1	N4	588	588	20503	2814	0.208955223880597	0.0286787299419597	0.265103056147832	0.734896943852168
patient	HC/NL-63	HC	N1	N5	420	420	20503	2814	0.149253731343284	0.0204848071013998	0.265103056147832	0.734896943852168
patient	HC/NL-63	HC	N2	N1	822	822	20503	12764	0.0643998746474459	0.0400916938984539	0.520526480727045	0.479473519272955
patient	HC/NL-63	HC	N2	N2	3322	6644	20503	12764	0.520526480727045	0.162025069502024	0.520526480727045	0.479473519272955
patient	HC/NL-63	HC	N2	N3	2395	2395	20503	12764	0.187637104356001	0.11681217382822	0.520526480727045	0.479473519272955
patient	HC/NL-63	HC	N2	N4	1518	1518	20503	12764	0.118928235662802	0.0740379456664878	0.520526480727045	0.479473519272955
patient	HC/NL-63	HC	N2	N5	1385	1385	20503	12764	0.108508304606706	0.0675510900843779	0.520526480727045	0.479473519272955
patient	HC/NL-63	HC	N3	N1	238	238	20503	11306	0.0210507695029188	0.0116080573574599	0.501326729170352	0.498673270829648
patient	HC/NL-63	HC	N3	N2	2395	2395	20503	11306	0.21183442419954	0.11681217382822	0.501326729170352	0.498673270829648
patient	HC/NL-63	HC	N3	N3	2834	5668	20503	11306	0.501326729170352	0.138223674584207	0.501326729170352	0.498673270829648
patient	HC/NL-63	HC	N3	N4	1456	1456	20503	11306	0.128781178135503	0.0710139979515193	0.501326729170352	0.498673270829648
patient	HC/NL-63	HC	N3	N5	1549	1549	20503	11306	0.137006898991686	0.0755499195239721	0.501326729170352	0.498673270829648
patient	HC/NL-63	HC	N4	N1	588	588	20503	7285	0.0807137954701442	0.0286787299419597	0.41015785861359	0.589842141386411
patient	HC/NL-63	HC	N4	N2	1518	1518	20503	7285	0.208373369938229	0.0740379456664878	0.41015785861359	0.589842141386411
patient	HC/NL-63	HC	N4	N3	1456	1456	20503	7285	0.199862731640357	0.0710139979515193	0.41015785861359	0.589842141386411
patient	HC/NL-63	HC	N4	N4	1494	2988	20503	7285	0.41015785861359	0.0728673852606936	0.41015785861359	0.589842141386411
patient	HC/NL-63	HC	N4	N5	735	735	20503	7285	0.10089224433768	0.0358484124274496	0.41015785861359	0.589842141386411
patient	HC/NL-63	HC	N5	N1	420	420	20503	6837	0.0614304519526108	0.0204848071013998	0.401930671347082	0.598069328652918
patient	HC/NL-63	HC	N5	N2	1385	1385	20503	6837	0.202574228462776	0.0675510900843779	0.401930671347082	0.598069328652918
patient	HC/NL-63	HC	N5	N3	1549	1549	20503	6837	0.226561357320462	0.0755499195239721	0.401930671347082	0.598069328652918
patient	HC/NL-63	HC	N5	N4	735	735	20503	6837	0.107503290917069	0.0358484124274496	0.401930671347082	0.598069328652918
patient	HC/NL-63	HC	N5	N5	1374	2748	20503	6837	0.401930671347082	0.0670145832317222	0.401930671347082	0.598069328652918
patient	IPF/FO23-1-03100	IPF	N1	N1	1152	2304	31237	7080	0.325423728813559	0.0368793418061914	0.325423728813559	0.674576271186441
patient	IPF/FO23-1-03100	IPF	N1	N2	1292	1292	31237	7080	0.182485875706215	0.0413612062618049	0.325423728813559	0.674576271186441
patient	IPF/FO23-1-03100	IPF	N1	N3	501	501	31237	7080	0.0707627118644068	0.0160386720875884	0.325423728813559	0.674576271186441
patient	IPF/FO23-1-03100	IPF	N1	N4	1540	1540	31237	7080	0.217514124293785	0.0493005090117489	0.325423728813559	0.674576271186441
patient	IPF/FO23-1-03100	IPF	N1	N5	1443	1443	31237	7080	0.203813559322034	0.0461952172103595	0.325423728813559	0.674576271186441
patient	IPF/FO23-1-03100	IPF	N2	N1	1292	1292	31237	12572	0.102768055997455	0.0413612062618049	0.398027362392619	0.601972637607382
patient	IPF/FO23-1-03100	IPF	N2	N2	2502	5004	31237	12572	0.398027362392619	0.0800973204853219	0.398027362392619	0.601972637607382
patient	IPF/FO23-1-03100	IPF	N2	N3	2628	2628	31237	12572	0.209035952911231	0.0841309984953741	0.398027362392619	0.601972637607382
patient	IPF/FO23-1-03100	IPF	N2	N4	1853	1853	31237	12572	0.14739102768056	0.0593206774017992	0.398027362392619	0.601972637607382
patient	IPF/FO23-1-03100	IPF	N2	N5	1795	1795	31237	12572	0.142777601018136	0.0574639049844735	0.398027362392619	0.601972637607382
patient	IPF/FO23-1-03100	IPF	N3	N1	501	501	31237	16012	0.0312890332250812	0.0160386720875884	0.478765925555833	0.521234074444167
patient	IPF/FO23-1-03100	IPF	N3	N2	2628	2628	31237	16012	0.164126904821384	0.0841309984953741	0.478765925555833	0.521234074444167
patient	IPF/FO23-1-03100	IPF	N3	N3	3833	7666	31237	16012	0.478765925555833	0.122707046131191	0.478765925555833	0.521234074444167
patient	IPF/FO23-1-03100	IPF	N3	N4	2811	2811	31237	16012	0.175555833125156	0.0899894356052118	0.478765925555833	0.521234074444167
patient	IPF/FO23-1-03100	IPF	N3	N5	2406	2406	31237	16012	0.150262303272546	0.0770240420014726	0.478765925555833	0.521234074444167
patient	IPF/FO23-1-03100	IPF	N4	N1	1540	1540	31237	14418	0.106810930780968	0.0493005090117489	0.44180885004855	0.55819114995145
patient	IPF/FO23-1-03100	IPF	N4	N2	1853	1853	31237	14418	0.128519905673464	0.0593206774017992	0.44180885004855	0.55819114995145
patient	IPF/FO23-1-03100	IPF	N4	N3	2811	2811	31237	14418	0.194964627548897	0.0899894356052118	0.44180885004855	0.55819114995145
patient	IPF/FO23-1-03100	IPF	N4	N4	3185	6370	31237	14418	0.44180885004855	0.101962416365208	0.44180885004855	0.55819114995145
patient	IPF/FO23-1-03100	IPF	N4	N5	1844	1844	31237	14418	0.12789568594812	0.0590325575439383	0.44180885004855	0.55819114995145
patient	IPF/FO23-1-03100	IPF	N5	N1	1443	1443	31237	12392	0.116446094254358	0.0461952172103595	0.395739186571982	0.604260813428018
patient	IPF/FO23-1-03100	IPF	N5	N2	1795	1795	31237	12392	0.144851517107812	0.0574639049844735	0.395739186571982	0.604260813428018
patient	IPF/FO23-1-03100	IPF	N5	N3	2406	2406	31237	12392	0.194157520981278	0.0770240420014726	0.395739186571982	0.604260813428018
patient	IPF/FO23-1-03100	IPF	N5	N4	1844	1844	31237	12392	0.148805681084571	0.0590325575439383	0.395739186571982	0.604260813428018
patient	IPF/FO23-1-03100	IPF	N5	N5	2452	4904	31237	12392	0.395739186571982	0.0784966546083171	0.395739186571982	0.604260813428018
patient	IPF/FO23-1-09473	IPF	N1	N1	2823	5646	10238	8307	0.679667750090285	0.275737448720453	0.679667750090285	0.320332249909715
patient	IPF/FO23-1-09473	IPF	N1	N2	503	503	10238	8307	0.0605513422414831	0.0491306895878101	0.679667750090285	0.320332249909715
patient	IPF/FO23-1-09473	IPF	N1	N3	43	43	10238	8307	0.00517635728903335	0.00420003907013088	0.679667750090285	0.320332249909715
patient	IPF/FO23-1-09473	IPF	N1	N4	1000	1000	10238	8307	0.120380402070543	0.0976753272123462	0.679667750090285	0.320332249909715
patient	IPF/FO23-1-09473	IPF	N1	N5	1115	1115	10238	8307	0.134224148308655	0.108907989841766	0.679667750090285	0.320332249909715
patient	IPF/FO23-1-09473	IPF	N2	N1	503	503	10238	2785	0.180610412926391	0.0491306895878101	0.39640933572711	0.603590664272891
patient	IPF/FO23-1-09473	IPF	N2	N2	552	1104	10238	2785	0.39640933572711	0.0539167806212151	0.39640933572711	0.603590664272891
patient	IPF/FO23-1-09473	IPF	N2	N3	159	159	10238	2785	0.0570915619389587	0.015530377026763	0.39640933572711	0.603590664272891
patient	IPF/FO23-1-09473	IPF	N2	N4	646	646	10238	2785	0.231956912028725	0.0630982613791756	0.39640933572711	0.603590664272891
patient	IPF/FO23-1-09473	IPF	N2	N5	373	373	10238	2785	0.133931777378815	0.0364328970502051	0.39640933572711	0.603590664272891
patient	IPF/FO23-1-09473	IPF	N3	N1	43	43	10238	675	0.0637037037037037	0.00420003907013088	0.266666666666667	0.733333333333333
patient	IPF/FO23-1-09473	IPF	N3	N2	159	159	10238	675	0.235555555555556	0.015530377026763	0.266666666666667	0.733333333333333
patient	IPF/FO23-1-09473	IPF	N3	N3	90	180	10238	675	0.266666666666667	0.00879077944911115	0.266666666666667	0.733333333333333
patient	IPF/FO23-1-09473	IPF	N3	N4	213	213	10238	675	0.315555555555556	0.0208048446962297	0.266666666666667	0.733333333333333
patient	IPF/FO23-1-09473	IPF	N3	N5	80	80	10238	675	0.118518518518519	0.00781402617698769	0.266666666666667	0.733333333333333
patient	IPF/FO23-1-09473	IPF	N4	N1	1000	1000	10238	4839	0.206654267410622	0.0976753272123462	0.53482124405869	0.46517875594131
patient	IPF/FO23-1-09473	IPF	N4	N2	646	646	10238	4839	0.133498656747262	0.0630982613791756	0.53482124405869	0.46517875594131
patient	IPF/FO23-1-09473	IPF	N4	N3	213	213	10238	4839	0.0440173589584625	0.0208048446962297	0.53482124405869	0.46517875594131
patient	IPF/FO23-1-09473	IPF	N4	N4	1294	2588	10238	4839	0.53482124405869	0.126391873412776	0.53482124405869	0.46517875594131
patient	IPF/FO23-1-09473	IPF	N4	N5	392	392	10238	4839	0.0810084728249638	0.0382887282672397	0.53482124405869	0.46517875594131
patient	IPF/FO23-1-09473	IPF	N5	N1	1115	1115	10238	3870	0.288113695090439	0.108907989841766	0.493540051679587	0.506459948320413
patient	IPF/FO23-1-09473	IPF	N5	N2	373	373	10238	3870	0.0963824289405685	0.0364328970502051	0.493540051679587	0.506459948320413
patient	IPF/FO23-1-09473	IPF	N5	N3	80	80	10238	3870	0.020671834625323	0.00781402617698769	0.493540051679587	0.506459948320413
patient	IPF/FO23-1-09473	IPF	N5	N4	392	392	10238	3870	0.101291989664083	0.0382887282672397	0.493540051679587	0.506459948320413
patient	IPF/FO23-1-09473	IPF	N5	N5	955	1910	10238	3870	0.493540051679587	0.0932799374877906	0.493540051679587	0.506459948320413
patient	SSC/23-105334B1	SSc-ILD	N1	N1	13274	26548	75439	48635	0.545862033514958	0.175956733254683	0.545862033514958	0.454137966485042
patient	SSC/23-105334B1	SSc-ILD	N1	N2	4502	4502	75439	48635	0.092567081320037	0.0596773552141465	0.545862033514958	0.454137966485042
patient	SSC/23-105334B1	SSc-ILD	N1	N3	1141	1141	75439	48635	0.023460470854323	0.0151248028208221	0.545862033514958	0.454137966485042
patient	SSC/23-105334B1	SSc-ILD	N1	N4	6643	6643	75439	48635	0.136588876323635	0.0880579010856454	0.545862033514958	0.454137966485042
patient	SSC/23-105334B1	SSc-ILD	N1	N5	9801	9801	75439	48635	0.201521537987046	0.129919537639682	0.545862033514958	0.454137966485042
patient	SSC/23-105334B1	SSc-ILD	N2	N1	4502	4502	75439	19922	0.225981327175986	0.0596773552141465	0.360405581768899	0.639594418231101
patient	SSC/23-105334B1	SSc-ILD	N2	N2	3590	7180	75439	19922	0.360405581768899	0.0475881175519294	0.360405581768899	0.639594418231101
patient	SSC/23-105334B1	SSc-ILD	N2	N3	1989	1989	75439	19922	0.0998393735568718	0.026365672927796	0.360405581768899	0.639594418231101
patient	SSC/23-105334B1	SSc-ILD	N2	N4	2547	2547	75439	19922	0.127848609577352	0.0337623775500736	0.360405581768899	0.639594418231101
patient	SSC/23-105334B1	SSc-ILD	N2	N5	3704	3704	75439	19922	0.185925107920891	0.0490992722597065	0.360405581768899	0.639594418231101
patient	SSC/23-105334B1	SSc-ILD	N3	N1	1141	1141	75439	13582	0.0840082462082168	0.0151248028208221	0.319982329553821	0.680017670446179
patient	SSC/23-105334B1	SSc-ILD	N3	N2	1989	1989	75439	13582	0.146443822706523	0.026365672927796	0.319982329553821	0.680017670446179
patient	SSC/23-105334B1	SSc-ILD	N3	N3	2173	4346	75439	13582	0.319982329553821	0.0288047296491205	0.319982329553821	0.680017670446179
patient	SSC/23-105334B1	SSc-ILD	N3	N4	2700	2700	75439	13582	0.198792519511118	0.0357905062368271	0.319982329553821	0.680017670446179
patient	SSC/23-105334B1	SSc-ILD	N3	N5	3406	3406	75439	13582	0.250773082020321	0.0451490608306049	0.319982329553821	0.680017670446179
patient	SSC/23-105334B1	SSc-ILD	N4	N1	6643	6643	75439	27938	0.237776505118477	0.0880579010856454	0.405540840432386	0.594459159567614
patient	SSC/23-105334B1	SSc-ILD	N4	N2	2547	2547	75439	27938	0.0911661536258859	0.0337623775500736	0.405540840432386	0.594459159567614
patient	SSC/23-105334B1	SSc-ILD	N4	N3	2700	2700	75439	27938	0.0966425656811511	0.0357905062368271	0.405540840432386	0.594459159567614
patient	SSC/23-105334B1	SSc-ILD	N4	N4	5665	11330	75439	27938	0.405540840432386	0.0750937843820835	0.405540840432386	0.594459159567614
patient	SSC/23-105334B1	SSc-ILD	N4	N5	4718	4718	75439	27938	0.1688739351421	0.0625405957130927	0.405540840432386	0.594459159567614
patient	SSC/23-105334B1	SSc-ILD	N5	N1	9801	9801	75439	40801	0.240214700620083	0.129919537639682	0.46989044386167	0.53010955613833
patient	SSC/23-105334B1	SSc-ILD	N5	N2	3704	3704	75439	40801	0.0907820886742972	0.0490992722597065	0.46989044386167	0.53010955613833
patient	SSC/23-105334B1	SSc-ILD	N5	N3	3406	3406	75439	40801	0.0834783461189677	0.0451490608306049	0.46989044386167	0.53010955613833
patient	SSC/23-105334B1	SSc-ILD	N5	N4	4718	4718	75439	40801	0.115634420724982	0.0625405957130927	0.46989044386167	0.53010955613833
patient	SSC/23-105334B1	SSc-ILD	N5	N5	9586	19172	75439	40801	0.46989044386167	0.127069552883787	0.46989044386167	0.53010955613833
patient	SSC/FO20-I-08293B1	SSc-ILD	N1	N1	311	622	14778	2002	0.310689310689311	0.0210447963188523	0.310689310689311	0.689310689310689
patient	SSC/FO20-I-08293B1	SSc-ILD	N1	N2	554	554	14778	2002	0.276723276723277	0.0374881580728109	0.310689310689311	0.689310689310689
patient	SSC/FO20-I-08293B1	SSc-ILD	N1	N3	120	120	14778	2002	0.0599400599400599	0.00812017864393017	0.310689310689311	0.689310689310689
patient	SSC/FO20-I-08293B1	SSc-ILD	N1	N4	470	470	14778	2002	0.234765234765235	0.0318040330220598	0.310689310689311	0.689310689310689
patient	SSC/FO20-I-08293B1	SSc-ILD	N1	N5	236	236	14778	2002	0.117882117882118	0.015969684666396	0.310689310689311	0.689310689310689
patient	SSC/FO20-I-08293B1	SSc-ILD	N2	N1	554	554	14778	9302	0.0595570844979574	0.0374881580728109	0.525478391743711	0.474521608256289
patient	SSC/FO20-I-08293B1	SSc-ILD	N2	N2	2444	4888	14778	9302	0.525478391743711	0.165380971714711	0.525478391743711	0.474521608256289
patient	SSC/FO20-I-08293B1	SSc-ILD	N2	N3	1736	1736	14778	9302	0.186626531928618	0.117471917715523	0.525478391743711	0.474521608256289
patient	SSC/FO20-I-08293B1	SSc-ILD	N2	N4	1408	1408	14778	9302	0.151365297785423	0.0952767627554473	0.525478391743711	0.474521608256289
patient	SSC/FO20-I-08293B1	SSc-ILD	N2	N5	716	716	14778	9302	0.0769726940442916	0.0484503992421167	0.525478391743711	0.474521608256289
patient	SSC/FO20-I-08293B1	SSc-ILD	N3	N1	120	120	14778	8259	0.0145296040682891	0.00812017864393017	0.506598861847681	0.493401138152319
patient	SSC/FO20-I-08293B1	SSc-ILD	N3	N2	1736	1736	14778	8259	0.210194938854583	0.117471917715523	0.506598861847681	0.493401138152319
patient	SSC/FO20-I-08293B1	SSc-ILD	N3	N3	2092	4184	14778	8259	0.506598861847681	0.141561781025849	0.506598861847681	0.493401138152319
patient	SSC/FO20-I-08293B1	SSc-ILD	N3	N4	1466	1466	14778	8259	0.177503329700932	0.0992015157666802	0.506598861847681	0.493401138152319
patient	SSC/FO20-I-08293B1	SSc-ILD	N3	N5	753	753	14778	8259	0.0911732655285143	0.0509541209906618	0.506598861847681	0.493401138152319
patient	SSC/FO20-I-08293B1	SSc-ILD	N4	N1	470	470	14778	6925	0.067870036101083	0.0318040330220598	0.437833935018051	0.56216606498195
patient	SSC/FO20-I-08293B1	SSc-ILD	N4	N2	1408	1408	14778	6925	0.203321299638989	0.0952767627554473	0.437833935018051	0.56216606498195
patient	SSC/FO20-I-08293B1	SSc-ILD	N4	N3	1466	1466	14778	6925	0.211696750902527	0.0992015157666802	0.437833935018051	0.56216606498195
patient	SSC/FO20-I-08293B1	SSc-ILD	N4	N4	1516	3032	14778	6925	0.437833935018051	0.102584923534984	0.437833935018051	0.56216606498195
patient	SSC/FO20-I-08293B1	SSc-ILD	N4	N5	549	549	14778	6925	0.0792779783393502	0.0371498172959805	0.437833935018051	0.56216606498195
patient	SSC/FO20-I-08293B1	SSc-ILD	N5	N1	236	236	14778	3068	0.0769230769230769	0.015969684666396	0.265319426336376	0.734680573663625
patient	SSC/FO20-I-08293B1	SSc-ILD	N5	N2	716	716	14778	3068	0.233376792698827	0.0484503992421167	0.265319426336376	0.734680573663625
patient	SSC/FO20-I-08293B1	SSc-ILD	N5	N3	753	753	14778	3068	0.245436766623207	0.0509541209906618	0.265319426336376	0.734680573663625
patient	SSC/FO20-I-08293B1	SSc-ILD	N5	N4	549	549	14778	3068	0.178943937418514	0.0371498172959805	0.265319426336376	0.734680573663625
patient	SSC/FO20-I-08293B1	SSc-ILD	N5	N5	407	814	14778	3068	0.265319426336376	0.0275409392339965	0.265319426336376	0.734680573663625
patient	SSC/FO21-1-01756B1	SSc-ILD	N1	N1	1885	3770	26832	8786	0.429091736854086	0.0702519379844961	0.429091736854086	0.570908263145914
patient	SSC/FO21-1-01756B1	SSc-ILD	N1	N2	1333	1333	26832	8786	0.151718643296153	0.0496794871794872	0.429091736854086	0.570908263145914
patient	SSC/FO21-1-01756B1	SSc-ILD	N1	N3	415	415	26832	8786	0.0472342362849989	0.0154666070363745	0.429091736854086	0.570908263145914
patient	SSC/FO21-1-01756B1	SSc-ILD	N1	N4	1454	1454	26832	8786	0.165490553152743	0.0541890280262373	0.429091736854086	0.570908263145914
patient	SSC/FO21-1-01756B1	SSc-ILD	N1	N5	1814	1814	26832	8786	0.206464830412019	0.0676058437686345	0.429091736854086	0.570908263145914
patient	SSC/FO21-1-01756B1	SSc-ILD	N2	N1	1333	1333	26832	10439	0.127694223584635	0.0496794871794872	0.398314014752371	0.601685985247629
patient	SSC/FO21-1-01756B1	SSc-ILD	N2	N2	2079	4158	26832	10439	0.398314014752371	0.0774821109123435	0.398314014752371	0.601685985247629
patient	SSC/FO21-1-01756B1	SSc-ILD	N2	N3	1513	1513	26832	10439	0.144937254526296	0.0563878950506858	0.398314014752371	0.601685985247629
patient	SSC/FO21-1-01756B1	SSc-ILD	N2	N4	1966	1966	26832	10439	0.188332215729476	0.0732707215265355	0.398314014752371	0.601685985247629
patient	SSC/FO21-1-01756B1	SSc-ILD	N2	N5	1469	1469	26832	10439	0.140722291407223	0.0547480620155039	0.398314014752371	0.601685985247629
patient	SSC/FO21-1-01756B1	SSc-ILD	N3	N1	415	415	26832	9447	0.0439292897216047	0.0154666070363745	0.420027521964645	0.579972478035355
patient	SSC/FO21-1-01756B1	SSc-ILD	N3	N2	1513	1513	26832	9447	0.160156663491055	0.0563878950506858	0.420027521964645	0.579972478035355
patient	SSC/FO21-1-01756B1	SSc-ILD	N3	N3	1984	3968	26832	9447	0.420027521964645	0.0739415623136553	0.420027521964645	0.579972478035355
patient	SSC/FO21-1-01756B1	SSc-ILD	N3	N4	1864	1864	26832	9447	0.197311315761617	0.069469290399523	0.420027521964645	0.579972478035355
patient	SSC/FO21-1-01756B1	SSc-ILD	N3	N5	1687	1687	26832	9447	0.178575209061078	0.0628726893261777	0.420027521964645	0.579972478035355
patient	SSC/FO21-1-01756B1	SSc-ILD	N4	N1	1454	1454	26832	12623	0.115186564208191	0.0541890280262373	0.445377485542264	0.554622514457736
patient	SSC/FO21-1-01756B1	SSc-ILD	N4	N2	1966	1966	26832	12623	0.155747445139824	0.0732707215265355	0.445377485542264	0.554622514457736
patient	SSC/FO21-1-01756B1	SSc-ILD	N4	N3	1864	1864	26832	12623	0.147666957141725	0.069469290399523	0.445377485542264	0.554622514457736
patient	SSC/FO21-1-01756B1	SSc-ILD	N4	N4	2811	5622	26832	12623	0.445377485542264	0.104762969588551	0.445377485542264	0.554622514457736
patient	SSC/FO21-1-01756B1	SSc-ILD	N4	N5	1717	1717	26832	12623	0.136021547967995	0.0639907573047108	0.445377485542264	0.554622514457736
patient	SSC/FO21-1-01756B1	SSc-ILD	N5	N1	1814	1814	26832	12369	0.146656964993128	0.0676058437686345	0.459374242056755	0.540625757943245
patient	SSC/FO21-1-01756B1	SSc-ILD	N5	N2	1469	1469	26832	12369	0.118764653569407	0.0547480620155039	0.459374242056755	0.540625757943245
patient	SSC/FO21-1-01756B1	SSc-ILD	N5	N3	1687	1687	26832	12369	0.136389360498019	0.0628726893261777	0.459374242056755	0.540625757943245
patient	SSC/FO21-1-01756B1	SSc-ILD	N5	N4	1717	1717	26832	12369	0.138814778882691	0.0639907573047108	0.459374242056755	0.540625757943245
patient	SSC/FO21-1-01756B1	SSc-ILD	N5	N5	2841	5682	26832	12369	0.459374242056755	0.105881037567084	0.459374242056755	0.540625757943245
