niche_a	niche_b	niche_pair	median_log2_enrichment	mean_log2_enrichment	sd_log2_enrichment	positive_patient_n	negative_patient_n	zero_patient_n	evaluable_patient_n	positive_fraction	median_permutation_p_two_sided	direction_consistency	max_absolute_driver_patient	max_absolute_enrichment	max_absolute_share	single_patient_driven	direction_patient_n	absolute_median_log2_enrichment
"N1"	"N3"	"N1-N3"	-2.06551120565092	-2.1443242254804	0.351742700050996	0	7	0	7	0	0.002	"Negative in >=6/7 patients"	"IPF/FO23-1-09473"	2.79327664481593	0.186091037887981	FALSE	7	2.06551120565092
"N4"	"N5"	"N4-N5"	-0.642794907361155	-0.698227502760303	0.262667888387043	0	7	0	7	0	0.002	"Negative in >=6/7 patients"	"IPF/FO23-1-09473"	1.24298982887179	0.254315355455243	FALSE	7	0.642794907361155
"N2"	"N4"	"N2-N4"	-0.571377687603384	-0.486100328973434	0.230544297195882	0	7	0	7	0	0.002	"Negative in >=6/7 patients"	"HC/NL-55"	0.712082034038373	0.209269565970988	FALSE	7	0.571377687603384
"N2"	"N5"	"N2-N5"	-0.533319331703426	-0.616038235964516	0.227058669947109	0	7	0	7	0	0.002	"Negative in >=6/7 patients"	"HC/NL-55"	1.09622474250509	0.254210738069519	FALSE	7	0.533319331703426
"N1"	"N2"	"N1-N2"	-0.347700233236184	-0.466308012750223	0.393674129352868	0	7	0	7	0	0.002	"Negative in >=6/7 patients"	"IPF/FO23-1-09473"	1.14101175794986	0.349557964371576	FALSE	7	0.347700233236184
"N1"	"N4"	"N1-N4"	-0.412795451129243	-0.32254148442929	0.393133175503773	1	6	0	7	0.142857142857143	0.002	"Negative in >=6/7 patients"	"IPF/FO23-1-09473"	0.964476377233723	0.356702527276507	FALSE	6	0.412795451129243
"N2"	"N3"	"N2-N3"	-0.328390043273748	-0.289946807442526	0.481827772289167	1	6	0	7	0.142857142857143	0.002	"Negative in >=6/7 patients"	"HC/NL-55"	0.856518418249198	0.25948885810184	FALSE	6	0.328390043273748
"N3"	"N5"	"N3-N5"	-0.300034739160406	-0.293341088821376	0.356932247146146	1	6	0	7	0.142857142857143	0.002	"Negative in >=6/7 patients"	"IPF/FO23-1-09473"	0.836383220206869	0.29999439337445	FALSE	6	0.300034739160406
"N3"	"N4"	"N3-N4"	-0.295494222994965	-0.216881727821893	0.258434511215576	1	6	0	7	0.142857142857143	0.002	"Negative in >=6/7 patients"	"HC/NL-63"	0.491988167173929	0.244695934139998	FALSE	6	0.295494222994965
"N1"	"N5"	"N1-N5"	-0.151738796918998	-0.202738954100881	0.224557646433383	2	5	0	7	0.285714285714286	0.002	"Negative in 5/7 patients"	"IPF/FO23-1-09473"	0.473643367477096	0.283815927807289	FALSE	5	0.151738796918998
