role	path	size_bytes	modified_time	sha256
input	D:/bb/博士课题组资料/新建文件夹/自己课题相关/Lung ST/codex agent/stereo_seq/stereo_seq/results/reanalysis/CDR3_PER_BIN_GENE_LIST_20260911_161928/02_ALL69_CDR3_BIN_TOP20_GENES.tsv	170875	2026-09-11T16:19:52+0200	2ac6b0b00f797d51ae3f79229005889bdb65a40f30703ade463610be04f2de54
input	D:/bb/博士课题组资料/新建文件夹/自己课题相关/Lung ST/codex agent/stereo_seq/stereo_seq/results/reanalysis/CDR3_PER_BIN_GENE_LIST_20260911_161928/03_ALL69_CDR3_BIN_QC.tsv	18874	2026-09-11T16:19:52+0200	25c5961c2bc0a669003abd99fd427297a051fb183edd067ddb9ff48d3894ae8f
input	D:/bb/博士课题组资料/新建文件夹/自己课题相关/Lung ST/codex agent/stereo_seq/stereo_seq/results/reanalysis/CDR3_PER_BIN_GENE_LIST_20260911_161928/04_SHARED7_CDR3_OCCURRENCE_TOP20.tsv	250125	2026-09-11T16:19:52+0200	9dbfa023e8fc21dd6d9b2059ccbe433b69e1fbd05e59ec1e1e0d96dd0b4b9c52
input	D:/bb/博士课题组资料/新建文件夹/自己课题相关/Lung ST/codex agent/stereo_seq/stereo_seq/results/reanalysis/CDR3_PER_BIN_GENE_LIST_20260911_161928/05_WITHIN_PATIENT_REPEATED_TOP20.tsv	161762	2026-09-11T16:19:52+0200	b62a474a198c369242c581b229f02e9f21afb7e1ac7313147bec1cef36cc6ed4
input	D:/bb/博士课题组资料/新建文件夹/自己课题相关/Lung ST/codex agent/stereo_seq/stereo_seq/results/reanalysis/CDR3_PER_BIN_TOP10_FINAL_20260911_165003/03_ALL104_IGH_MOLECULE_TOP10_INDEX.tsv	34831	2026-09-11T16:50:05+0200	1b38d542d440beec23803e4095984e6c78e1343dbc4c7d1eb75c8e5016355216
input	D:/bb/博士课题组资料/新建文件夹/自己课题相关/Lung ST/codex agent/stereo_seq/stereo_seq/results/reanalysis/CDR3_PER_BIN_TOP10_FINAL_20260911_165003/06_MULTI_IGH_BIN50_ANNOTATION.tsv	5866	2026-09-11T16:50:05+0200	7b02fa77412d03f9d13599f3a736d63657c1e1a3e9aaf096e00ea5a785661c55
input	D:/bb/博士课题组资料/新建文件夹/自己课题相关/Lung ST/codex agent/stereo_seq/stereo_seq/results/reanalysis/CDR3_PER_BIN_TOP10_FINAL_20260911_165003/07_TOP10_QC.tsv	889	2026-09-11T16:50:05+0200	470f56a868a9cd4d63dc070462fa9c5fcd89322cee69fa78b5df53a96333dd93
input	D:/bb/博士课题组资料/新建文件夹/自己课题相关/Lung ST/codex agent/stereo_seq/stereo_seq/results/reanalysis/CDR3_PER_BIN_TOP10_HEATMAPS_20260911_172841/01C_ALL69_COLUMN_ANNOTATIONS.tsv	17601	2026-09-11T17:28:43+0200	c8dfa841740793d36bc8e06d3659b45da1b4057b6304235815e82bae361d1b24
input	D:/bb/博士课题组资料/新建文件夹/自己课题相关/Lung ST/codex agent/stereo_seq/stereo_seq/scripts/627_cdr3_per_bin_top10_heatmaps.R	26523	2026-09-11T17:28:35+0200	efb19ec8f28fc0f027cdd300512a8261f42ed83c1f3ea581bfa68fa69e01b429
output	D:/bb/博士课题组资料/新建文件夹/自己课题相关/Lung ST/codex agent/stereo_seq/stereo_seq/results/reanalysis/CDR3_PER_BIN_TOP20_HEATMAP_FINAL_20260912_141500/CDR3_PER_BIN_TOP20_HEATMAPS.R	25575	2026-09-12T14:05:45+0200	7f504616fd4207c91344bf46ed4594b8c65a175ffd72aec187ed58f813ff9b4b
output	D:/bb/博士课题组资料/新建文件夹/自己课题相关/Lung ST/codex agent/stereo_seq/stereo_seq/results/reanalysis/CDR3_PER_BIN_TOP20_HEATMAP_FINAL_20260912_141500/FIG1_ALL69_RECURRENT_TOP20_HEATMAP.pdf	36725	2026-09-12T14:05:51+0200	25d05f28f777ea9070e2df071043ad32341d5061152178228baa62a36bc14040
output	D:/bb/博士课题组资料/新建文件夹/自己课题相关/Lung ST/codex agent/stereo_seq/stereo_seq/results/reanalysis/CDR3_PER_BIN_TOP20_HEATMAP_FINAL_20260912_141500/FIG1_ALL69_RECURRENT_TOP20_HEATMAP.png	516851	2026-09-12T14:05:49+0200	aee5d2cb87198a232f541fe257241392c0e3f4b454860a79739e672089f40791
output	D:/bb/博士课题组资料/新建文件夹/自己课题相关/Lung ST/codex agent/stereo_seq/stereo_seq/results/reanalysis/CDR3_PER_BIN_TOP20_HEATMAP_FINAL_20260912_141500/FIG2_SHARED7_RECURRENT_TOP20_HEATMAP.pdf	20745	2026-09-12T14:05:53+0200	220a3430c593ecc9f1a31d8cb9cc14d7da5d17a8e5953a77cd1a88259195884c
output	D:/bb/博士课题组资料/新建文件夹/自己课题相关/Lung ST/codex agent/stereo_seq/stereo_seq/results/reanalysis/CDR3_PER_BIN_TOP20_HEATMAP_FINAL_20260912_141500/FIG2_SHARED7_RECURRENT_TOP20_HEATMAP.png	379334	2026-09-12T14:05:52+0200	e69a788b2e7d71c15b51ca0192a0f2e0b6b13b2dc999de03c0852de74c7749d1
output	D:/bb/博士课题组资料/新建文件夹/自己课题相关/Lung ST/codex agent/stereo_seq/stereo_seq/results/reanalysis/CDR3_PER_BIN_TOP20_HEATMAP_FINAL_20260912_141500/FIG3_REPEATED11_RECURRENT_TOP20_HEATMAP.pdf	17226	2026-09-12T14:05:55+0200	b9bf116312b9e0b88c728f7aa483827d2a8c74d9d2a91f57e6084401dcee4ba1
output	D:/bb/博士课题组资料/新建文件夹/自己课题相关/Lung ST/codex agent/stereo_seq/stereo_seq/results/reanalysis/CDR3_PER_BIN_TOP20_HEATMAP_FINAL_20260912_141500/FIG3_REPEATED11_RECURRENT_TOP20_HEATMAP.png	352566	2026-09-12T14:05:54+0200	550f1fb5112f29d2fbb6c036df1fae39b4f36afbfaca91b2d3750a3af9a9727e
output	D:/bb/博士课题组资料/新建文件夹/自己课题相关/Lung ST/codex agent/stereo_seq/stereo_seq/results/reanalysis/CDR3_PER_BIN_TOP20_HEATMAP_FINAL_20260912_141500/run_config.json	891	2026-09-12T14:05:45+0200	51abf1533393157ee7a602083843d81343a970ca6f9fe5ec79931a8100675556
output	D:/bb/博士课题组资料/新建文件夹/自己课题相关/Lung ST/codex agent/stereo_seq/stereo_seq/results/reanalysis/CDR3_PER_BIN_TOP20_HEATMAP_FINAL_20260912_141500/RUN_LOG.txt	2677	2026-09-12T14:06:09+0200	1a8153f390fd1e3fa31f25d906f2bf4a6f6003138229b8907e7ef72ee4dca580
output	D:/bb/博士课题组资料/新建文件夹/自己课题相关/Lung ST/codex agent/stereo_seq/stereo_seq/results/reanalysis/CDR3_PER_BIN_TOP20_HEATMAP_FINAL_20260912_141500/SUPP_FIG1_ALL69_FULL_TOP20_HEATMAP.pdf	165031	2026-09-12T14:06:02+0200	d0c461ff4db0c4f4ff02cb3267e090737bb5465fe456c867cbe6ce706ecd0fed
output	D:/bb/博士课题组资料/新建文件夹/自己课题相关/Lung ST/codex agent/stereo_seq/stereo_seq/results/reanalysis/CDR3_PER_BIN_TOP20_HEATMAP_FINAL_20260912_141500/SUPP_FIG1_ALL69_FULL_TOP20_HEATMAP.png	1277713	2026-09-12T14:06:01+0200	67ded0748ab034fcd39f8127957e5d339d72e79c5d1dc6c8c89843de9cbbcf19
output	D:/bb/博士课题组资料/新建文件夹/自己课题相关/Lung ST/codex agent/stereo_seq/stereo_seq/results/reanalysis/CDR3_PER_BIN_TOP20_HEATMAP_FINAL_20260912_141500/SUPP_FIG2_SHARED7_FULL_TOP20_HEATMAP.pdf	62766	2026-09-12T14:06:06+0200	122d1fc76a04120dfeacf197b03950ea4eb2f52c3e4f9926113d40b3b6cc2ffc
output	D:/bb/博士课题组资料/新建文件夹/自己课题相关/Lung ST/codex agent/stereo_seq/stereo_seq/results/reanalysis/CDR3_PER_BIN_TOP20_HEATMAP_FINAL_20260912_141500/SUPP_FIG2_SHARED7_FULL_TOP20_HEATMAP.png	733128	2026-09-12T14:06:05+0200	fef227b48462fbb8b7a90a541c79baf2e3f7fb55614310514dd6c59a5ed1b8c8
output	D:/bb/博士课题组资料/新建文件夹/自己课题相关/Lung ST/codex agent/stereo_seq/stereo_seq/results/reanalysis/CDR3_PER_BIN_TOP20_HEATMAP_FINAL_20260912_141500/SUPP_FIG3_REPEATED11_FULL_TOP20_HEATMAP.pdf	38845	2026-09-12T14:06:08+0200	354bdaccae580ee267a05dcb153e92979e59f137914b7c9a741a7490baf9deec
output	D:/bb/博士课题组资料/新建文件夹/自己课题相关/Lung ST/codex agent/stereo_seq/stereo_seq/results/reanalysis/CDR3_PER_BIN_TOP20_HEATMAP_FINAL_20260912_141500/SUPP_FIG3_REPEATED11_FULL_TOP20_HEATMAP.png	547446	2026-09-12T14:06:08+0200	ab674df31c6157aacf0d5e96be88789e8af25fefbf5a0d2b55ab4cb88ce69ebf
output	D:/bb/博士课题组资料/新建文件夹/自己课题相关/Lung ST/codex agent/stereo_seq/stereo_seq/results/reanalysis/CDR3_PER_BIN_TOP20_HEATMAP_FINAL_20260912_141500/TOP20_HEATMAP_QC.tsv	2185	2026-09-12T14:06:09+0200	a0ad1d7071e37d45858c5e646c881091f6ee003dc6341b3376d91193888d6e72
output	D:/bb/博士课题组资料/新建文件夹/自己课题相关/Lung ST/codex agent/stereo_seq/stereo_seq/results/reanalysis/CDR3_PER_BIN_TOP20_HEATMAP_FINAL_20260912_141500/TOP20_HEATMAP_QC_SUMMARY.txt	836	2026-09-12T14:06:09+0200	78d1823c5eb244ec471dd00ce04bacaa018b627327c55ad7a724b0bd76dfaa62
