cohort	panel	disease_group	metric	patient_n	median	q1	q3	iqr	minimum	maximum	maximum_patient	zero_patient_n
"primary15"	"GC_activated_B"	"HC"	"strict_same_bin_fraction"	4	0.000346061844831818	0.000141030462579917	0.00164820946654587	0.00150717900396596	0	0.00508058864751226	"HC/NL-50"	1
"primary15"	"ILD_plasma_cell"	"HC"	"strict_same_bin_fraction"	4	0.00878294611323513	0.0032808023491855	0.0616585574760324	0.0583777551268469	0.00155871146518878	0.205501051156272	"HC/NL-50"	0
"primary15"	"IgA_mucosal_plasma"	"HC"	"strict_same_bin_fraction"	4	0.00416319014638593	0.0008610088043652	0.0288959528028467	0.0280349439984815	0.000846182775479504	0.0932025227750526	"HC/NL-50"	0
"primary15"	"Mature_B_core"	"HC"	"strict_same_bin_fraction"	4	0.00218398398976046	0.000705152312899586	0.00436654896956871	0.00366139665666912	0	0.00718290119131044	"HC/NL-50"	1
"primary15"	"Memory_tissue_B"	"HC"	"strict_same_bin_fraction"	4	0.00194553506569819	0.00046638892843944	0.00599906545047117	0.00553267652203173	0.000173190162798753	0.0140154169586545	"HC/NL-50"	0
"primary15"	"Naive_B"	"HC"	"strict_same_bin_fraction"	4	0.000252041536445206	0	0.0023927784924744	0.0023927784924744	0	0.00805886475122635	"HC/NL-50"	2
"primary15"	"GC_activated_B"	"IPF"	"strict_same_bin_fraction"	4	0.000279955207166854	0	0.000596548847486416	0.000596548847486416	0	0.000706464146944543	"IPF/FO23-1-09473"	2
"primary15"	"ILD_plasma_cell"	"IPF"	"strict_same_bin_fraction"	4	0.00587577312392454	0.00304241704697319	0.00888153197501822	0.00583911492804503	0.000431266846361186	0.0120098904980572	"IPF/FO23-1-09473"	0
"primary15"	"IgA_mucosal_plasma"	"IPF"	"strict_same_bin_fraction"	4	0.00237750668668865	0.00173363959879627	0.00321114906255288	0.00147750946375661	0.000215633423180593	0.00529848110208407	"IPF/FO23-1-09473"	0
"primary15"	"Mature_B_core"	"IPF"	"strict_same_bin_fraction"	4	0.00126543563939843	0.000865411416578401	0.00278608666461241	0.00192067524803401	0.000107816711590296	0.00690556177678238	"IPF/FO23-1-06168"	0
"primary15"	"Memory_tissue_B"	"IPF"	"strict_same_bin_fraction"	4	0.000912203565926156	0.000556802288105981	0.00209825567093167	0.00154145338282569	0.000107816711590296	0.00503919372900336	"IPF/FO23-1-06168"	0
"primary15"	"Naive_B"	"IPF"	"strict_same_bin_fraction"	4	0	0	9.3318402388951e-05	9.3318402388951e-05	0	0.000373273609555804	"IPF/FO23-1-06168"	3
"primary15"	"GC_activated_B"	"SSc-ILD"	"strict_same_bin_fraction"	7	0	0	0.000378460332663231	0.000378460332663231	0	0.00288229337072525	"SSC/24-1-18170A2"	4
"primary15"	"ILD_plasma_cell"	"SSc-ILD"	"strict_same_bin_fraction"	7	0.00241208581947442	0.00136442206554767	0.0107176534594668	0.00935323139391913	0.000409556313993174	0.116849731245618	"SSC/24-1-18170A2"	0
"primary15"	"IgA_mucosal_plasma"	"SSc-ILD"	"strict_same_bin_fraction"	7	0.00190427827853244	0.00110365456149097	0.0113296904088658	0.0102260358473748	0.000148709941259573	0.0502453844356158	"SSC/24-1-18170A2"	0
"primary15"	"Mature_B_core"	"SSc-ILD"	"strict_same_bin_fraction"	7	0.000449438202247191	0.000193597141219875	0.00267910076257033	0.00248550362135046	0	0.00636443748164105	"SSC/15491/14"	1
"primary15"	"Memory_tissue_B"	"SSc-ILD"	"strict_same_bin_fraction"	7	0.000253903770470992	0.000186714521191585	0.00417257240901574	0.00398585788782416	0.000136518771331058	0.00849108047051492	"SSC/24-1-18170A2"	0
"primary15"	"Naive_B"	"SSc-ILD"	"strict_same_bin_fraction"	7	0	0	0.000244786056986194	0.000244786056986194	0	0.00210329516242113	"SSC/24-1-18170A2"	5
"j2_l3_only13"	"GC_activated_B"	"HC"	"strict_same_bin_fraction"	3	0.000188040616773223	9.40203083866115e-05	0.000346061844831818	0.000252041536445206	0	0.000504083072890412	"HC/NL-72"	1
"j2_l3_only13"	"ILD_plasma_cell"	"HC"	"strict_same_bin_fraction"	3	0.00385483264385107	0.00270677205451993	0.00878294611323513	0.00607617405871521	0.00155871146518878	0.0137110595826192	"HC/NL-72"	0
"j2_l3_only13"	"IgA_mucosal_plasma"	"HC"	"strict_same_bin_fraction"	3	0.000865950813993765	0.000856066794736635	0.00416319014638593	0.0033071233516493	0.000846182775479504	0.0074604294787781	"HC/NL-72"	0
"j2_l3_only13"	"Mature_B_core"	"HC"	"strict_same_bin_fraction"	3	0.000940203083866115	0.000470101541933058	0.00218398398976046	0.0017138824478274	0	0.0034277648956548	"HC/NL-72"	1
"j2_l3_only13"	"Memory_tissue_B"	"HC"	"strict_same_bin_fraction"	3	0.000564121850319669	0.000368656006559211	0.00194553506569819	0.00157687905913898	0.000173190162798753	0.00332694828107672	"HC/NL-72"	0
"j2_l3_only13"	"Naive_B"	"HC"	"strict_same_bin_fraction"	3	0	0	0.000252041536445206	0.000252041536445206	0	0.000504083072890412	"HC/NL-72"	2
"j2_l3_only13"	"GC_activated_B"	"IPF"	"strict_same_bin_fraction"	4	0.000279955207166854	0	0.000596548847486416	0.000596548847486416	0	0.000706464146944543	"IPF/FO23-1-09473"	2
"j2_l3_only13"	"ILD_plasma_cell"	"IPF"	"strict_same_bin_fraction"	4	0.00587577312392454	0.00304241704697319	0.00888153197501822	0.00583911492804503	0.000431266846361186	0.0120098904980572	"IPF/FO23-1-09473"	0
"j2_l3_only13"	"IgA_mucosal_plasma"	"IPF"	"strict_same_bin_fraction"	4	0.00237750668668865	0.00173363959879627	0.00321114906255288	0.00147750946375661	0.000215633423180593	0.00529848110208407	"IPF/FO23-1-09473"	0
"j2_l3_only13"	"Mature_B_core"	"IPF"	"strict_same_bin_fraction"	4	0.00126543563939843	0.000865411416578401	0.00278608666461241	0.00192067524803401	0.000107816711590296	0.00690556177678238	"IPF/FO23-1-06168"	0
"j2_l3_only13"	"Memory_tissue_B"	"IPF"	"strict_same_bin_fraction"	4	0.000912203565926156	0.000556802288105981	0.00209825567093167	0.00154145338282569	0.000107816711590296	0.00503919372900336	"IPF/FO23-1-06168"	0
"j2_l3_only13"	"Naive_B"	"IPF"	"strict_same_bin_fraction"	4	0	0	9.3318402388951e-05	9.3318402388951e-05	0	0.000373273609555804	"IPF/FO23-1-06168"	3
"j2_l3_only13"	"GC_activated_B"	"SSc-ILD"	"strict_same_bin_fraction"	6	0	0	0.000220307451287575	0.000220307451287575	0	0.000463177396943029	"SSC/07998/15A"	4
"j2_l3_only13"	"ILD_plasma_cell"	"SSc-ILD"	"strict_same_bin_fraction"	6	0.00221727886479339	0.00103539714326532	0.00500320672582738	0.00396780958256206	0.000409556313993174	0.0155683932243219	"SSC/15491/14"	0
"j2_l3_only13"	"IgA_mucosal_plasma"	"SSc-ILD"	"strict_same_bin_fraction"	6	0.0018510155437606	0.000756605437742071	0.00337092830052704	0.00261432286278497	0.000148709941259573	0.0187995691765397	"SSC/15491/14"	0
"j2_l3_only13"	"Mature_B_core"	"SSc-ILD"	"strict_same_bin_fraction"	6	0.000354840299725722	0.000160274513227685	0.00150189174139089	0.0013416172281632	0	0.00636443748164105	"SSC/15491/14"	1
"j2_l3_only13"	"Memory_tissue_B"	"SSc-ILD"	"strict_same_bin_fraction"	6	0.000239311435797294	0.000167712231225579	0.00191618553038986	0.00174847329916428	0.000136518771331058	0.00587486536766866	"SSC/15491/14"	0
"j2_l3_only13"	"Naive_B"	"SSc-ILD"	"strict_same_bin_fraction"	6	0	0	0	0	0	0.000489572113972388	"SSC/15491/14"	5
"primary15"	"GC_activated_B"	"HC"	"strict_rook_fraction"	4	0.00417540123135798	0.00303548105780829	0.0172858346512868	0.0142503535934785	0.000346380325597506	0.0558864751226349	"HC/NL-50"	0
"primary15"	"ILD_plasma_cell"	"HC"	"strict_rook_fraction"	4	0.0444816865804442	0.018583788085064	0.176265676824606	0.157681888739542	0.00917907862833391	0.50332866152768	"HC/NL-50"	0
"primary15"	"IgA_mucosal_plasma"	"HC"	"strict_rook_fraction"	4	0.0213737004979143	0.00677683858064571	0.107781456567644	0.101004617986999	0.00623484586075511	0.323756131744919	"HC/NL-50"	0
"primary15"	"Mature_B_core"	"HC"	"strict_rook_fraction"	4	0.0101405722569435	0.00335131758047546	0.0219724141863036	0.0186210966058282	0.00155871146518878	0.0388927820602663	"HC/NL-50"	0
"primary15"	"Memory_tissue_B"	"HC"	"strict_rook_fraction"	4	0.0118748436233454	0.00318801143693383	0.0339755391127842	0.0307875276758503	0.0025978524419813	0.0748072880168185	"HC/NL-50"	0
"primary15"	"Naive_B"	"HC"	"strict_rook_fraction"	4	0.00191551567698356	0	0.0217502882316631	0.0217502882316631	0	0.0755080588647512	"HC/NL-50"	2
"primary15"	"GC_activated_B"	"IPF"	"strict_rook_fraction"	4	0.0027526581400041	0.000209614309670207	0.00533230119422503	0.00512268688455482	0	0.00565171317555634	"IPF/FO23-1-09473"	1
"primary15"	"ILD_plasma_cell"	"IPF"	"strict_rook_fraction"	4	0.0270187029065475	0.019075034012888	0.0382035518612325	0.0191285178483445	0.00377358490566038	0.0632285411515366	"IPF/FO23-1-09473"	0
"primary15"	"IgA_mucosal_plasma"	"IPF"	"strict_rook_fraction"	4	0.0134950459351881	0.00919594751632189	0.0163692289056381	0.00717328138931621	0.00150943396226415	0.0197809961144472	"IPF/FO23-1-09473"	0
"primary15"	"Mature_B_core"	"IPF"	"strict_rook_fraction"	4	0.00724325665360689	0.00456061601370459	0.0123772142765882	0.00781659826288364	0.000215633423180593	0.0240761478163494	"IPF/FO23-1-06168"	0
"primary15"	"Memory_tissue_B"	"IPF"	"strict_rook_fraction"	4	0.00498799623034838	0.003762845127254	0.00960545772337317	0.00584261259611917	0.000215633423180593	0.0233296005972378	"IPF/FO23-1-06168"	0
"primary15"	"Naive_B"	"IPF"	"strict_rook_fraction"	4	0.000279485746226943	0	0.00125909424084097	0.00125909424084097	0	0.00335946248600224	"IPF/FO23-1-06168"	2
"primary15"	"GC_activated_B"	"SSc-ILD"	"strict_rook_fraction"	7	0.000507807540941983	0.000224719101123595	0.00388634997208827	0.00366163087096467	0	0.0265638389031705	"SSC/24-1-18170A2"	2
"primary15"	"ILD_plasma_cell"	"SSc-ILD"	"strict_rook_fraction"	7	0.0107909102450171	0.00745412757809152	0.0532036995960112	0.0457495720179196	0.0042320819112628	0.35919607384903	"SSC/24-1-18170A2"	0
"primary15"	"IgA_mucosal_plasma"	"SSc-ILD"	"strict_rook_fraction"	7	0.00812492065507173	0.00407715873783691	0.0410442989671245	0.0369671402292876	0.00136518771331058	0.200046739892498	"SSC/24-1-18170A2"	0
"primary15"	"Mature_B_core"	"SSc-ILD"	"strict_rook_fraction"	7	0.00253903770470992	0.00145653868421778	0.016588692878892	0.0151321541946742	0.000546075085324232	0.0237932047390581	"SSC/15491/14"	0
"primary15"	"Memory_tissue_B"	"SSc-ILD"	"strict_rook_fraction"	7	0.00224719101123596	0.00105388262626622	0.0182888480309957	0.0172349654047294	0.00100379210350212	0.0398068084443406	"SSC/24-1-18170A2"	0
"primary15"	"Naive_B"	"SSc-ILD"	"strict_rook_fraction"	7	0	0	0.00338556841786544	0.00338556841786544	0	0.0315494274363169	"SSC/24-1-18170A2"	4
"j2_l3_only13"	"GC_activated_B"	"HC"	"strict_rook_fraction"	3	0.00393184796854522	0.00213911414707136	0.00417540123135798	0.00203628708428662	0.000346380325597506	0.00441895449417074	"HC/NL-55"	0
"j2_l3_only13"	"ILD_plasma_cell"	"HC"	"strict_rook_fraction"	3	0.0217186912373073	0.0154488849328206	0.0444816865804442	0.0290328016476235	0.00917907862833391	0.067244681923581	"HC/NL-72"	0
"j2_l3_only13"	"IgA_mucosal_plasma"	"HC"	"strict_rook_fraction"	3	0.00695750282060925	0.00659617434068218	0.0213737004979143	0.0147775261572321	0.00623484586075511	0.0357898981752193	"HC/NL-72"	0
"j2_l3_only13"	"Mature_B_core"	"HC"	"strict_rook_fraction"	3	0.00394885295223768	0.00275378220871323	0.0101405722569435	0.00738679004823031	0.00155871146518878	0.0163322915616494	"HC/NL-72"	0
"j2_l3_only13"	"Memory_tissue_B"	"HC"	"strict_rook_fraction"	3	0.00338473110191801	0.00299129177194966	0.0118748436233454	0.0088835518513957	0.0025978524419813	0.0203649561447727	"HC/NL-72"	0
"j2_l3_only13"	"Naive_B"	"HC"	"strict_rook_fraction"	3	0	0	0.00191551567698356	0.00191551567698356	0	0.00383103135396713	"HC/NL-72"	2
"j2_l3_only13"	"GC_activated_B"	"IPF"	"strict_rook_fraction"	4	0.0027526581400041	0.000209614309670207	0.00533230119422503	0.00512268688455482	0	0.00565171317555634	"IPF/FO23-1-09473"	1
"j2_l3_only13"	"ILD_plasma_cell"	"IPF"	"strict_rook_fraction"	4	0.0270187029065475	0.019075034012888	0.0382035518612325	0.0191285178483445	0.00377358490566038	0.0632285411515366	"IPF/FO23-1-09473"	0
"j2_l3_only13"	"IgA_mucosal_plasma"	"IPF"	"strict_rook_fraction"	4	0.0134950459351881	0.00919594751632189	0.0163692289056381	0.00717328138931621	0.00150943396226415	0.0197809961144472	"IPF/FO23-1-09473"	0
"j2_l3_only13"	"Mature_B_core"	"IPF"	"strict_rook_fraction"	4	0.00724325665360689	0.00456061601370459	0.0123772142765882	0.00781659826288364	0.000215633423180593	0.0240761478163494	"IPF/FO23-1-06168"	0
"j2_l3_only13"	"Memory_tissue_B"	"IPF"	"strict_rook_fraction"	4	0.00498799623034838	0.003762845127254	0.00960545772337317	0.00584261259611917	0.000215633423180593	0.0233296005972378	"IPF/FO23-1-06168"	0
"j2_l3_only13"	"Naive_B"	"IPF"	"strict_rook_fraction"	4	0.000279485746226943	0	0.00125909424084097	0.00125909424084097	0	0.00335946248600224	"IPF/FO23-1-06168"	2
"j2_l3_only13"	"GC_activated_B"	"SSc-ILD"	"strict_rook_fraction"	6	0.000478622871594587	0.000112359550561798	0.00221125017147913	0.00209889062091733	0	0.00499363556251836	"SSC/15491/14"	2
"j2_l3_only13"	"ILD_plasma_cell"	"SSc-ILD"	"strict_rook_fraction"	6	0.0104516348977895	0.00612501159185638	0.0339622018549087	0.0278371902630523	0.0042320819112628	0.0647214334671497	"SSC/15491/14"	0
"j2_l3_only13"	"IgA_mucosal_plasma"	"SSc-ILD"	"strict_rook_fraction"	6	0.0074332468443898	0.00274495158990143	0.0161581407705303	0.0134131891806289	0.00136518771331058	0.0632527171252325	"SSC/15491/14"	0
"j2_l3_only13"	"Mature_B_core"	"SSc-ILD"	"strict_rook_fraction"	6	0.00216839525684934	0.00128593162183229	0.00769821472955868	0.00641228310772639	0.000546075085324232	0.0237932047390581	"SSC/15491/14"	0
"j2_l3_only13"	"Memory_tissue_B"	"SSc-ILD"	"strict_rook_fraction"	6	0.00166967059094221	0.00103474885407509	0.00970955134243379	0.0086748024883587	0.00100379210350212	0.0243806912758249	"SSC/15491/14"	0
"j2_l3_only13"	"Naive_B"	"SSc-ILD"	"strict_rook_fraction"	6	0	0	0.000231588698471515	0.000231588698471515	0	0.00646235190443552	"SSC/15491/14"	4
"primary15"	"GC_activated_B"	"HC"	"panel_cpm_total"	4	197.195486337455	181.471946193106	215.757845423652	34.285899230546	180.551134477223	225.195113965081	"HC/NL-50"	0
"primary15"	"ILD_plasma_cell"	"HC"	"panel_cpm_total"	4	491.09879666293	376.225849905652	653.639864596656	277.414014691004	354.852571483329	818.017506548322	"HC/NL-50"	0
"primary15"	"IgA_mucosal_plasma"	"HC"	"panel_cpm_total"	4	340.730830586881	216.248764517075	478.532707064253	262.283942547178	189.853612084751	544.887290719277	"HC/NL-50"	0
"primary15"	"Mature_B_core"	"HC"	"panel_cpm_total"	4	122.954807468156	115.95099207125	157.261910384154	41.3109183129037	106.980162232857	248.142602779827	"HC/NL-72"	0
"primary15"	"Memory_tissue_B"	"HC"	"panel_cpm_total"	4	50.8705535793482	39.114771595881	63.6656704560529	24.5508988601719	33.2393547971726	72.6590919344736	"HC/NL-72"	0
"primary15"	"Naive_B"	"HC"	"panel_cpm_total"	4	272.778206937419	254.678352740928	308.512811315253	53.8344585743243	249.716445926422	366.378968673787	"HC/NL-50"	0
"primary15"	"GC_activated_B"	"IPF"	"panel_cpm_total"	4	195.536114027597	184.468360550164	202.12444452115	17.656083970986	163.848089414243	209.30644670543	"IPF/FO23-1-09473"	0
"primary15"	"ILD_plasma_cell"	"IPF"	"panel_cpm_total"	4	464.366637248723	417.733153807764	564.160847888373	146.42769408061	409.07553876733	732.300644524882	"IPF/FO23-1-06170"	0
"primary15"	"IgA_mucosal_plasma"	"IPF"	"panel_cpm_total"	4	302.187734016024	233.246668936289	423.494992375281	190.248323438992	212.785260084619	601.054981065514	"IPF/FO23-1-06170"	0
"primary15"	"Mature_B_core"	"IPF"	"panel_cpm_total"	4	200.541842433355	112.978865606987	326.50020499272	213.521339385732	108.866877252596	445.798350546103	"IPF/FO23-1-06168"	0
"primary15"	"Memory_tissue_B"	"IPF"	"panel_cpm_total"	4	52.859225736192	32.9341780841455	80.3115937507296	47.3774156665841	32.7668239251312	103.060908997217	"IPF/FO23-1-06168"	0
"primary15"	"Naive_B"	"IPF"	"panel_cpm_total"	4	227.067696851977	186.404120286535	268.970920255401	82.566799968866	176.539622780298	282.554358275582	"IPF/FO23-1-06170"	0
"primary15"	"GC_activated_B"	"SSc-ILD"	"panel_cpm_total"	7	206.155261635842	194.985152340814	212.396966302175	17.4118139613615	154.562855983736	227.097668958627	"SSC/24-1-18170A2"	0
"primary15"	"ILD_plasma_cell"	"SSc-ILD"	"panel_cpm_total"	7	537.548431261976	432.545634802201	624.509520236706	191.963885434505	374.320911049886	795.208785524069	"SSC/24-1-18170A2"	0
"primary15"	"IgA_mucosal_plasma"	"SSc-ILD"	"panel_cpm_total"	7	382.11950071963	282.004189465662	461.185201296055	179.181011830393	174.795500505277	764.649757471453	"SSC/15491/14"	0
"primary15"	"Mature_B_core"	"SSc-ILD"	"panel_cpm_total"	7	125.414336147928	120.381514451363	251.222593694079	130.841079242717	116.655957091232	314.19334658989	"SSC/15491/14"	0
"primary15"	"Memory_tissue_B"	"SSc-ILD"	"panel_cpm_total"	7	61.5650772221772	35.967884266066	80.7957208842811	44.8278366182151	29.6473703104789	93.5334057421876	"SSC/05957/17B"	0
"primary15"	"Naive_B"	"SSc-ILD"	"panel_cpm_total"	7	284.417907256856	199.815967274563	365.424013772083	165.60804649752	170.15012526014	388.852883992223	"SSC/07998/15A"	0
"j2_l3_only13"	"GC_activated_B"	"HC"	"panel_cpm_total"	3	181.778883431734	181.165008954479	197.195486337455	16.0304773829765	180.551134477223	212.612089243176	"HC/NL-55"	0
"j2_l3_only13"	"ILD_plasma_cell"	"HC"	"panel_cpm_total"	3	383.350276046426	369.101423764878	491.09879666293	121.997372898053	354.852571483329	598.847317279434	"HC/NL-72"	0
"j2_l3_only13"	"IgA_mucosal_plasma"	"HC"	"panel_cpm_total"	3	225.047148661183	207.450380372967	340.730830586881	133.280450213914	189.853612084751	456.414512512578	"HC/NL-72"	0
"j2_l3_only13"	"Mature_B_core"	"HC"	"panel_cpm_total"	3	126.968346252263	122.954807468156	187.555474516045	64.6006670478895	118.941268684048	248.142602779827	"HC/NL-72"	0
"j2_l3_only13"	"Memory_tissue_B"	"HC"	"panel_cpm_total"	3	41.0732438621171	37.1562993296449	56.8661678982954	19.7098685686505	33.2393547971726	72.6590919344736	"HC/NL-72"	0
"j2_l3_only13"	"Naive_B"	"HC"	"panel_cpm_total"	3	256.332321679097	253.02438380276	272.778206937419	19.7538231346595	249.716445926422	289.224092195741	"HC/NL-63"	0
"j2_l3_only13"	"GC_activated_B"	"IPF"	"panel_cpm_total"	4	195.536114027597	184.468360550164	202.12444452115	17.656083970986	163.848089414243	209.30644670543	"IPF/FO23-1-09473"	0
"j2_l3_only13"	"ILD_plasma_cell"	"IPF"	"panel_cpm_total"	4	464.366637248723	417.733153807764	564.160847888373	146.42769408061	409.07553876733	732.300644524882	"IPF/FO23-1-06170"	0
"j2_l3_only13"	"IgA_mucosal_plasma"	"IPF"	"panel_cpm_total"	4	302.187734016024	233.246668936289	423.494992375281	190.248323438992	212.785260084619	601.054981065514	"IPF/FO23-1-06170"	0
"j2_l3_only13"	"Mature_B_core"	"IPF"	"panel_cpm_total"	4	200.541842433355	112.978865606987	326.50020499272	213.521339385732	108.866877252596	445.798350546103	"IPF/FO23-1-06168"	0
"j2_l3_only13"	"Memory_tissue_B"	"IPF"	"panel_cpm_total"	4	52.859225736192	32.9341780841455	80.3115937507296	47.3774156665841	32.7668239251312	103.060908997217	"IPF/FO23-1-06168"	0
"j2_l3_only13"	"Naive_B"	"IPF"	"panel_cpm_total"	4	227.067696851977	186.404120286535	268.970920255401	82.566799968866	176.539622780298	282.554358275582	"IPF/FO23-1-06170"	0
"j2_l3_only13"	"GC_activated_B"	"SSc-ILD"	"panel_cpm_total"	6	202.67559172502	192.879767604121	207.505861679746	14.626094075625	154.562855983736	216.837870909969	"SSC/FO20-I-08293B1"	0
"j2_l3_only13"	"ILD_plasma_cell"	"SSc-ILD"	"panel_cpm_total"	6	497.333052536091	420.2596152982	548.129264848538	127.869649550338	374.320911049886	697.36283109602	"SSC/15491/14"	0
"j2_l3_only13"	"IgA_mucosal_plasma"	"SSc-ILD"	"panel_cpm_total"	6	332.88343890093	281.182595657378	387.583162497351	106.400566839973	174.795500505277	764.649757471453	"SSC/15491/14"	0
"j2_l3_only13"	"Mature_B_core"	"SSc-ILD"	"panel_cpm_total"	6	184.873249043352	123.247681569499	254.667809571731	131.420128002232	116.655957091232	314.19334658989	"SSC/15491/14"	0
"j2_l3_only13"	"Memory_tissue_B"	"SSc-ILD"	"panel_cpm_total"	6	59.5043235584189	33.4401359076154	82.2009482594863	48.7608123518709	29.6473703104789	93.5334057421876	"SSC/05957/17B"	0
"j2_l3_only13"	"Naive_B"	"SSc-ILD"	"panel_cpm_total"	6	245.353454385603	196.579450154669	357.425832980808	160.846382826139	170.15012526014	388.852883992223	"SSC/07998/15A"	0
