cohort	panel	endpoint_role	contrast	numerator_group	denominator_group	effect_logit	se_hc3	ci_low	ci_high	p_value	adjusted_fraction_numerator	adjusted_fraction_denominator	adjusted_fraction_difference	fraction_difference_ci_low	fraction_difference_ci_high	model_stable	bh_fdr_18	bh_fdr_family
"primary15"	"Mature_B_core"	"primary biological endpoint"	"SSc-ILD vs HC"	"SSc-ILD"	"HC"	-0.124325368614395	0.801841074446563	-1.93821589859949	1.68956516137071	0.880203597269819	0.0006609523192435	0.000748386514953975	-8.74341957104745e-05	-0.00136241268185302	0.00118754429043207	TRUE	0.978025792378358	"all 6 panels x 3 contrasts; n=18"
"primary15"	"Mature_B_core"	"primary biological endpoint"	"IPF vs HC"	"IPF"	"HC"	1.08854741922776	1.11047594836162	-1.4235237014736	3.60061853992913	0.352575128894487	0.00221940360312015	0.000748386514953975	0.00147101708816617	-0.00283608715722463	0.00577812133355698	TRUE	0.978025792378358	"all 6 panels x 3 contrasts; n=18"
"primary15"	"Mature_B_core"	"primary biological endpoint"	"SSc-ILD vs IPF"	"SSc-ILD"	"IPF"	-1.21287278784216	1.11003350983277	-3.72394304305639	1.29819746737208	0.302932582273592	0.0006609523192435	0.00221940360312015	-0.00155845128387665	-0.00577894348078285	0.00266204091302955	TRUE	0.978025792378358	"all 6 panels x 3 contrasts; n=18"
"primary15"	"ILD_plasma_cell"	"secondary exploratory endpoint"	"SSc-ILD vs HC"	"SSc-ILD"	"HC"	-0.522370991743134	0.607505498631069	-1.8966439069107	0.851901923424433	0.412183113202628	0.00390271544694208	0.00656248804442333	-0.00265977259748125	-0.00912192959200937	0.00380238439704688	TRUE	0.978025792378358	"all 6 panels x 3 contrasts; n=18"
"primary15"	"ILD_plasma_cell"	"secondary exploratory endpoint"	"IPF vs HC"	"IPF"	"HC"	0.173724124574724	1.09017404049899	-2.29242088983674	2.63986913898619	0.87690841999857	0.00779786222176433	0.00656248804442333	0.001235374177341	-0.0172245848572834	0.0196953332119654	TRUE	0.978025792378358	"all 6 panels x 3 contrasts; n=18"
"primary15"	"ILD_plasma_cell"	"secondary exploratory endpoint"	"SSc-ILD vs IPF"	"SSc-ILD"	"IPF"	-0.696095116317858	1.09424920139176	-3.17145878513243	1.77926855249672	0.540523495520657	0.00390271544694208	0.00779786222176433	-0.00389514677482224	-0.0207129697525106	0.0129226762028661	TRUE	0.978025792378358	"all 6 panels x 3 contrasts; n=18"
"primary15"	"IgA_mucosal_plasma"	"secondary exploratory endpoint"	"SSc-ILD vs HC"	"SSc-ILD"	"HC"	-0.233864793479704	0.898663666245809	-2.26678324302416	1.79905365606475	0.800537532594339	0.0025462324041462	0.00321494075970185	-0.000668708355555651	-0.00623471969853472	0.00489730298742342	TRUE	0.978025792378358	"all 6 panels x 3 contrasts; n=18"
"primary15"	"IgA_mucosal_plasma"	"secondary exploratory endpoint"	"IPF vs HC"	"IPF"	"HC"	-0.0336938662790963	1.18979989353016	-2.72520821772488	2.65782048516669	0.978025792378358	0.00310875271625225	0.00321494075970185	-0.000106188043449602	-0.00853172713810409	0.00831935105120489	TRUE	0.978025792378358	"all 6 panels x 3 contrasts; n=18"
"primary15"	"IgA_mucosal_plasma"	"secondary exploratory endpoint"	"SSc-ILD vs IPF"	"SSc-ILD"	"IPF"	-0.200170927200608	1.21334762517	-2.94495394844311	2.54461209404189	0.872610377823435	0.0025462324041462	0.00310875271625225	-0.000562520312106049	-0.00844471702695713	0.00731967640274503	TRUE	0.978025792378358	"all 6 panels x 3 contrasts; n=18"
"primary15"	"GC_activated_B"	"secondary exploratory endpoint"	"SSc-ILD vs HC"	"SSc-ILD"	"HC"	-0.717703521466202	0.614525289649408	-2.10785630716725	0.672449264234847	0.272854468103583	0.000163848057010408	0.000335784994659685	-0.000171936937649278	-0.000483603379113815	0.00013972950381526	TRUE	0.978025792378358	"all 6 panels x 3 contrasts; n=18"
"primary15"	"GC_activated_B"	"secondary exploratory endpoint"	"IPF vs HC"	"IPF"	"HC"	0.0493000646942449	1.13553297846449	-2.51945399613278	2.61805412552126	0.966318070199137	0.00035274808221902	0.000335784994659685	1.69630875593349e-05	-0.000883537812483193	0.000917463987601863	TRUE	0.978025792378358	"all 6 panels x 3 contrasts; n=18"
"primary15"	"GC_activated_B"	"secondary exploratory endpoint"	"SSc-ILD vs IPF"	"SSc-ILD"	"IPF"	-0.767003586160446	1.13004250228201	-3.32333732696411	1.78933015464321	0.514376103991709	0.000163848057010408	0.00035274808221902	-0.000188900025208612	-0.00102561342841068	0.000647813377993454	TRUE	0.978025792378358	"all 6 panels x 3 contrasts; n=18"
"primary15"	"Naive_B"	"secondary exploratory endpoint"	"SSc-ILD vs HC"	"SSc-ILD"	"HC"	-0.727634744075369	0.697446068280819	-2.30536736310227	0.850097874951531	0.324028654931055	0.000125399376266624	0.000259564235500837	-0.000134164859234214	-0.00045202788163398	0.000183698163165553	TRUE	0.978025792378358	"all 6 panels x 3 contrasts; n=18"
"primary15"	"Naive_B"	"secondary exploratory endpoint"	"IPF vs HC"	"IPF"	"HC"	-0.193408159845918	0.822113452739318	-2.05315799559293	1.66634167590109	0.819274705171563	0.000213928467334671	0.000259564235500837	-4.56357681661667e-05	-0.000476360666370815	0.000385089130038482	TRUE	0.978025792378358	"all 6 panels x 3 contrasts; n=18"
"primary15"	"Naive_B"	"secondary exploratory endpoint"	"SSc-ILD vs IPF"	"SSc-ILD"	"IPF"	-0.53422658422945	0.8126429927041	-2.3725527509728	1.3040995825139	0.527380472293872	0.000125399376266624	0.000213928467334671	-8.85290910680469e-05	-0.000429626853951699	0.000252568671815605	TRUE	0.978025792378358	"all 6 panels x 3 contrasts; n=18"
"primary15"	"Memory_tissue_B"	"secondary exploratory endpoint"	"SSc-ILD vs HC"	"SSc-ILD"	"HC"	-0.323487726939086	0.524775090190373	-1.51061145607131	0.86363600219314	0.552880534740974	0.000826274672229791	0.00114150111328566	-0.000315226441055869	-0.0014213234030906	0.000790870520978861	TRUE	0.978025792378358	"all 6 panels x 3 contrasts; n=18"
"primary15"	"Memory_tissue_B"	"secondary exploratory endpoint"	"IPF vs HC"	"IPF"	"HC"	0.359320628059411	0.795771886980102	-1.44084044602607	2.15948170214489	0.662286597486101	0.00163422939833821	0.00114150111328566	0.000492728285052547	-0.00218886894937485	0.00317432551947994	TRUE	0.978025792378358	"all 6 panels x 3 contrasts; n=18"
"primary15"	"Memory_tissue_B"	"secondary exploratory endpoint"	"SSc-ILD vs IPF"	"SSc-ILD"	"IPF"	-0.682808354998497	0.854168808936151	-2.61507244437222	1.24945573437523	0.44465250831863	0.000826274672229791	0.00163422939833821	-0.000807954726108415	-0.00339094387574803	0.0017750344235312	TRUE	0.978025792378358	"all 6 panels x 3 contrasts; n=18"
