cohort	panel	endpoint_role	contrast	numerator_group	denominator_group	effect_logit	se_hc3	ci_low	ci_high	p_value	adjusted_fraction_numerator	adjusted_fraction_denominator	adjusted_fraction_difference	fraction_difference_ci_low	fraction_difference_ci_high	model_stable
"j2_l3_only13"	"Mature_B_core"	"primary biological endpoint"	"SSc-ILD vs HC"	"SSc-ILD"	"HC"	0.250903406916857	0.810114571764695	-1.61722414556168	2.1190309593954	0.764692609782363	0.00054343814578432	0.000422898874675194	0.000120539271109126	-0.000824864291824371	0.00106594283404262	TRUE
"j2_l3_only13"	"Mature_B_core"	"primary biological endpoint"	"IPF vs HC"	"IPF"	"HC"	1.39124430295297	1.06234472862689	-1.058527034273	3.84101564017894	0.226688295475833	0.00169782128419227	0.000422898874675194	0.00127492240951708	-0.00185297519882098	0.00440282001785514	TRUE
"j2_l3_only13"	"Mature_B_core"	"primary biological endpoint"	"SSc-ILD vs IPF"	"SSc-ILD"	"IPF"	-1.14034089603611	1.09090228351586	-3.65596607292735	1.37528428085513	0.326429351141634	0.00054343814578432	0.00169782128419227	-0.00115438313840795	-0.00430172326405173	0.00199295698723583	TRUE
"j2_l3_only13"	"ILD_plasma_cell"	"secondary exploratory endpoint"	"SSc-ILD vs HC"	"SSc-ILD"	"HC"	-0.353588216935897	0.865658676843792	-2.34980070541305	1.64262427154125	0.69364958127865	0.00236152191779024	0.0033598399079978	-0.000998317990207557	-0.00643655530120314	0.00443991932078803	TRUE
"j2_l3_only13"	"ILD_plasma_cell"	"secondary exploratory endpoint"	"IPF vs HC"	"IPF"	"HC"	0.309881112770286	1.18237111520207	-2.41667156823165	3.03643379377222	0.799878409700931	0.00457476201029828	0.0033598399079978	0.00121492210230048	-0.010262733516365	0.012692577720966	TRUE
"j2_l3_only13"	"ILD_plasma_cell"	"secondary exploratory endpoint"	"SSc-ILD vs IPF"	"SSc-ILD"	"IPF"	-0.663469329706183	1.09684235759337	-3.19279234198357	1.86585368257121	0.562012424625794	0.00236152191779024	0.00457476201029828	-0.00221324009250804	-0.0121138482656902	0.00768736808067417	TRUE
"j2_l3_only13"	"IgA_mucosal_plasma"	"secondary exploratory endpoint"	"SSc-ILD vs HC"	"SSc-ILD"	"HC"	-0.0285748839426175	1.32411774853391	-3.08199588755904	3.0248461196738	0.983311280485713	0.00164137116733487	0.00168886934212427	-4.74981747894075e-05	-0.00510665412902229	0.00501165777944348	TRUE
"j2_l3_only13"	"IgA_mucosal_plasma"	"secondary exploratory endpoint"	"IPF vs HC"	"IPF"	"HC"	0.131913411012275	1.37779132636953	-3.04527908504429	3.30910590706884	0.926079839988951	0.00192655718772729	0.00168886934212427	0.000237687845603018	-0.00555928031968452	0.00603465601089055	TRUE
"j2_l3_only13"	"IgA_mucosal_plasma"	"secondary exploratory endpoint"	"SSc-ILD vs IPF"	"SSc-ILD"	"IPF"	-0.160488294954892	1.23299053731937	-3.00376957268097	2.68279298277118	0.899651770767218	0.00164137116733487	0.00192655718772729	-0.000285186020392425	-0.00533922593826597	0.00476885389748112	TRUE
"j2_l3_only13"	"GC_activated_B"	"secondary exploratory endpoint"	"SSc-ILD vs HC"	"SSc-ILD"	"HC"	-0.711140367541329	0.936211736711751	-2.8700485038253	1.44776776874264	0.469286960087589	0.000106531579364535	0.000216907595296541	-0.000110376015932006	-0.000447685627931921	0.000226933596067908	TRUE
"j2_l3_only13"	"GC_activated_B"	"secondary exploratory endpoint"	"IPF vs HC"	"IPF"	"HC"	0.0545945580007747	1.24972354316135	-2.8272731003913	2.93646221639285	0.96622595307301	0.000229075998942168	0.000216907595296541	1.21684036456271e-05	-0.000639761036498765	0.000664097843790019	TRUE
"j2_l3_only13"	"GC_activated_B"	"secondary exploratory endpoint"	"SSc-ILD vs IPF"	"SSc-ILD"	"IPF"	-0.765734925542104	1.15089897748893	-3.41971272683381	1.8882428757496	0.524549481258491	0.000106531579364535	0.000229075998942168	-0.000122544419577633	-0.000674615341020379	0.000429526501865112	TRUE
"j2_l3_only13"	"Naive_B"	"secondary exploratory endpoint"	"SSc-ILD vs HC"	"SSc-ILD"	"HC"	-0.5196647345411	0.936317553705828	-2.67881688525099	1.63948741616879	0.594062464181884	8.20842376302279e-05	0.000138013955493109	-5.59297178628806e-05	-0.000300845040362536	0.000188985604636775	TRUE
"j2_l3_only13"	"Naive_B"	"secondary exploratory endpoint"	"IPF vs HC"	"IPF"	"HC"	-0.0256388470974574	0.917452001022422	-2.1412869553065	2.09000926111158	0.978390007311091	0.000134520883312957	0.000138013955493109	-3.49307218015143e-06	-0.000291703044941003	0.0002847169005807	TRUE
"j2_l3_only13"	"Naive_B"	"secondary exploratory endpoint"	"SSc-ILD vs IPF"	"SSc-ILD"	"IPF"	-0.494025887443643	0.82451131058686	-2.39535237917955	1.40730060429226	0.565634118546809	8.20842376302279e-05	0.000134520883312957	-5.24366456827291e-05	-0.000268822757980582	0.000163949466615124	TRUE
"j2_l3_only13"	"Memory_tissue_B"	"secondary exploratory endpoint"	"SSc-ILD vs HC"	"SSc-ILD"	"HC"	-0.149459243713662	0.712116980911974	-1.79160394644578	1.49268545901846	0.839007658610528	0.000597723238734535	0.000694013024094276	-9.62897853597415e-05	-0.00113816371925681	0.000945584148537323	TRUE
"j2_l3_only13"	"Memory_tissue_B"	"secondary exploratory endpoint"	"IPF vs HC"	"IPF"	"HC"	0.499709326866368	0.869692253099493	-1.50580460513609	2.50522325886883	0.581367364332112	0.00114338708855086	0.000694013024094276	0.000449374064456579	-0.00150280154621571	0.00240154967512887	TRUE
"j2_l3_only13"	"Memory_tissue_B"	"secondary exploratory endpoint"	"SSc-ILD vs IPF"	"SSc-ILD"	"IPF"	-0.64916857058003	0.854177192826681	-2.61890470943544	1.32056756827538	0.469061234290613	0.000597723238734535	0.00114338708855086	-0.00054566384981632	-0.00234197404881933	0.00125064634918669	TRUE
