cohort	panel	disease_group	adjusted_logit	adjusted_logit_se_hc3	adjusted_logit_ci_low	adjusted_logit_ci_high	adjusted_fraction	adjusted_fraction_ci_low	adjusted_fraction_ci_high	standardization
"primary15"	"Mature_B_core"	"HC"	-7.19684231553157	0.619512363188402	-8.59827664536026	-5.79540798570289	0.000748386514953975	0.000184389341091634	0.00303226668274043	"average over observed cohort technical covariates"
"primary15"	"Mature_B_core"	"IPF"	-6.10829489630381	0.785492219933384	-7.88520174794838	-4.33138804465924	0.00221940360312015	0.000376129165662248	0.0129786234322051	"average over observed cohort technical covariates"
"primary15"	"Mature_B_core"	"SSc-ILD"	-7.32116768414596	0.658227020412348	-8.81018065311908	-5.83215471517285	0.0006609523192435	0.000149184039722205	0.00292318302589737	"average over observed cohort technical covariates"
"primary15"	"ILD_plasma_cell"	"HC"	-5.01980135702575	0.351828002665783	-5.81569159332914	-4.22391112072236	0.00656248804442333	0.00297156187943654	0.0144299951716537	"average over observed cohort technical covariates"
"primary15"	"ILD_plasma_cell"	"IPF"	-4.84607723245103	0.899676026009036	-6.8812857988852	-2.81086866601687	0.00779786222176433	0.00102576962449882	0.0567396716539959	"average over observed cohort technical covariates"
"primary15"	"ILD_plasma_cell"	"SSc-ILD"	-5.54217234876889	0.569393304216792	-6.83022949035224	-4.25411520718553	0.00390271544694208	0.00107944364185187	0.0140066801915562	"average over observed cohort technical covariates"
"primary15"	"IgA_mucosal_plasma"	"HC"	-5.73672622789769	0.491405182446232	-6.84836198120459	-4.62509047459078	0.00321494075970185	0.00106006758753947	0.00970760667726018	"average over observed cohort technical covariates"
"primary15"	"IgA_mucosal_plasma"	"IPF"	-5.77042009417678	0.905920123891735	-7.81975379136151	-3.72108639699206	0.00310875271625225	0.000401559263085812	0.0236354945475777	"average over observed cohort technical covariates"
"primary15"	"IgA_mucosal_plasma"	"SSc-ILD"	-5.97059102137739	0.782315478201216	-7.74031158395817	-4.2008704587966	0.0025462324041462	0.000434746947758823	0.0147613668542554	"average over observed cohort technical covariates"
"primary15"	"GC_activated_B"	"HC"	-7.99870365828555	0.299353354518914	-8.67588799341818	-7.32151932315292	0.000335784994659685	0.000170622229383008	0.000660720097020236	"average over observed cohort technical covariates"
"primary15"	"GC_activated_B"	"IPF"	-7.9494035935913	1.03034898565406	-10.2802149316705	-5.6185922555121	0.00035274808221902	3.43039779178058e-05	0.00361661985470288	"average over observed cohort technical covariates"
"primary15"	"GC_activated_B"	"SSc-ILD"	-8.71640717975175	0.497009028982914	-9.84071971464083	-7.59209464486267	0.000163848057010408	5.32361462147819e-05	0.000504169044163262	"average over observed cohort technical covariates"
"primary15"	"Naive_B"	"HC"	-8.2562467524134	0.481917653219687	-9.34642022352321	-7.16607328130358	0.000259564235500837	8.7269677082445e-05	0.000771753520579331	"average over observed cohort technical covariates"
"primary15"	"Naive_B"	"IPF"	-8.44965491225932	0.640891928579957	-9.89945317907602	-6.99985664544261	0.000213928467334671	5.01996059980375e-05	0.000911181688091215	"average over observed cohort technical covariates"
"primary15"	"Naive_B"	"SSc-ILD"	-8.98388149648877	0.497707567377279	-10.1097742350101	-7.85798875796739	0.000125399376266624	4.06783351078967e-05	0.000386501297081278	"average over observed cohort technical covariates"
"primary15"	"Memory_tissue_B"	"HC"	-6.77426896358989	0.356088872047637	-7.57979795608519	-5.9687399710946	0.00114150111328566	0.00051040374420808	0.00255093793901376	"average over observed cohort technical covariates"
"primary15"	"Memory_tissue_B"	"IPF"	-6.41494833553048	0.6099010292885	-7.79464031753346	-5.0352563535275	0.00163422939833821	0.000411767301798679	0.00646249494856634	"average over observed cohort technical covariates"
"primary15"	"Memory_tissue_B"	"SSc-ILD"	-7.09775669052898	0.502710667495215	-8.23496722781834	-5.96054615323961	0.000826274672229791	0.000265145345613644	0.00257187174957892	"average over observed cohort technical covariates"
"j2_l3_only13"	"Mature_B_core"	"HC"	-7.76795448613915	0.565342977932945	-9.07163773106116	-6.46427124121714	0.000422898874675194	0.000114865049335924	0.00155570236300061	"average over observed cohort technical covariates"
"j2_l3_only13"	"Mature_B_core"	"IPF"	-6.37671018318618	0.746964376788409	-8.09921312491045	-4.65420724146191	0.00169782128419227	0.000303685826364413	0.00943165535355684	"average over observed cohort technical covariates"
"j2_l3_only13"	"Mature_B_core"	"SSc-ILD"	-7.51705107922229	0.717457357868712	-9.1715107133002	-5.86259144514439	0.00054343814578432	0.000103948531864764	0.00283579977665743	"average over observed cohort technical covariates"
"j2_l3_only13"	"ILD_plasma_cell"	"HC"	-5.69249645572679	0.472921524347565	-6.78305544649933	-4.60193746495425	0.0033598399079978	0.00113152656698691	0.00993273059611488	"average over observed cohort technical covariates"
"j2_l3_only13"	"ILD_plasma_cell"	"IPF"	-5.3826153429565	0.891100854549977	-7.43749759843272	-3.32773308748029	0.00457476201029828	0.000588410230830518	0.034631939091658	"average over observed cohort technical covariates"
"j2_l3_only13"	"ILD_plasma_cell"	"SSc-ILD"	-6.04608467266269	0.683836652570029	-7.62301482129335	-4.46915452403203	0.00236152191779024	0.000488826094406958	0.0113272224048791	"average over observed cohort technical covariates"
"j2_l3_only13"	"IgA_mucosal_plasma"	"HC"	-6.38200570518561	0.713989063227342	-8.02846743747841	-4.73554397289281	0.00168886934212427	0.000325941242083289	0.0087012955919022	"average over observed cohort technical covariates"
"j2_l3_only13"	"IgA_mucosal_plasma"	"IPF"	-6.25009229417334	0.899943140443842	-8.32536489748546	-4.17481969086121	0.00192655718772729	0.000242233805295332	0.01514506394155	"average over observed cohort technical covariates"
"j2_l3_only13"	"IgA_mucosal_plasma"	"SSc-ILD"	-6.41058058912823	0.960147764979335	-8.62468530557761	-4.19647587267885	0.00164137116733487	0.000179584464540404	0.0148254158572864	"average over observed cohort technical covariates"
"j2_l3_only13"	"GC_activated_B"	"HC"	-8.43582219211774	0.491472575929735	-9.56915998455116	-7.30248439968433	0.000216907595296541	6.98451553800794e-05	0.00067340876499538	"average over observed cohort technical covariates"
"j2_l3_only13"	"GC_activated_B"	"IPF"	-8.38122763411697	1.03651518810396	-10.7714359440866	-5.99101932414733	0.000229075998942168	2.09901572087119e-05	0.00249487334430151	"average over observed cohort technical covariates"
"j2_l3_only13"	"GC_activated_B"	"SSc-ILD"	-9.14696255965907	0.627674731490503	-10.5943830860393	-7.69954203327881	0.000106531579364535	2.5055726792766e-05	0.000452829462741657	"average over observed cohort technical covariates"
"j2_l3_only13"	"Naive_B"	"HC"	-8.88801772767809	0.620782374826181	-10.3195444510891	-7.45649100426705	0.000138013955493109	3.29810490494962e-05	0.000577346173566271	"average over observed cohort technical covariates"
"j2_l3_only13"	"Naive_B"	"IPF"	-8.91365657477554	0.632626654223902	-10.3724962554562	-7.45481689409485	0.000134520883312957	3.12801284426142e-05	0.000578312964736737	"average over observed cohort technical covariates"
"j2_l3_only13"	"Naive_B"	"SSc-ILD"	-9.40768246221919	0.594706075327475	-10.7790771311554	-8.03628779328299	8.20842376302279e-05	2.08303820452214e-05	0.000323403027751106	"average over observed cohort technical covariates"
"j2_l3_only13"	"Memory_tissue_B"	"HC"	-7.2723255769645	0.455601901973849	-8.32294544692308	-6.22170570700592	0.000694013024094276	0.000242820445088163	0.00198191923560546	"average over observed cohort technical covariates"
"j2_l3_only13"	"Memory_tissue_B"	"IPF"	-6.77261625009813	0.596291409259677	-8.14766670563767	-5.3975657945586	0.00114338708855086	0.000289326116973902	0.00450718195482966	"average over observed cohort technical covariates"
"j2_l3_only13"	"Memory_tissue_B"	"SSc-ILD"	-7.42178482067816	0.587148862004962	-8.77575252444202	-6.06781711691429	0.000597723238734535	0.000154408797223356	0.00231087124701911	"average over observed cohort technical covariates"
