panel	contrast	effect_primary15	ci_low_primary15	ci_high_primary15	p_primary15	bh_fdr_primary15	stable_primary15	effect_j2_l3_only13	ci_low_j2_l3_only13	ci_high_j2_l3_only13	p_j2_l3_only13	stable_j2_l3_only13	direction_primary15	direction_j2_l3_only13	absolute_effect_ratio_13_to_15	stability_class
"GC_activated_B"	"IPF vs HC"	0.0493000646942449	-2.51945399613278	2.61805412552126	0.966318070199137	0.978025792378358	TRUE	0.0545945580007747	-2.8272731003913	2.93646221639285	0.96622595307301	TRUE	"positive"	"positive"	1.10739323243014	"direction_consistent_similar"
"GC_activated_B"	"SSc-ILD vs HC"	-0.717703521466202	-2.10785630716725	0.672449264234847	0.272854468103583	0.978025792378358	TRUE	-0.711140367541329	-2.8700485038253	1.44776776874264	0.469286960087589	TRUE	"negative"	"negative"	0.990855341058569	"direction_consistent_similar"
"GC_activated_B"	"SSc-ILD vs IPF"	-0.767003586160446	-3.32333732696411	1.78933015464321	0.514376103991709	0.978025792378358	TRUE	-0.765734925542104	-3.41971272683381	1.8882428757496	0.524549481258491	TRUE	"negative"	"negative"	0.998345952168629	"direction_consistent_similar"
"ILD_plasma_cell"	"IPF vs HC"	0.173724124574724	-2.29242088983674	2.63986913898619	0.87690841999857	0.978025792378358	TRUE	0.309881112770286	-2.41667156823165	3.03643379377222	0.799878409700931	TRUE	"positive"	"positive"	1.78375406138252	"direction_consistent_noticeably_strengthened"
"ILD_plasma_cell"	"SSc-ILD vs HC"	-0.522370991743134	-1.8966439069107	0.851901923424433	0.412183113202628	0.978025792378358	TRUE	-0.353588216935897	-2.34980070541305	1.64262427154125	0.69364958127865	TRUE	"negative"	"negative"	0.676890988444793	"direction_consistent_noticeably_weakened"
"ILD_plasma_cell"	"SSc-ILD vs IPF"	-0.696095116317858	-3.17145878513243	1.77926855249672	0.540523495520657	0.978025792378358	TRUE	-0.663469329706183	-3.19279234198357	1.86585368257121	0.562012424625794	TRUE	"negative"	"negative"	0.953130275091921	"direction_consistent_similar"
"IgA_mucosal_plasma"	"IPF vs HC"	-0.0336938662790963	-2.72520821772488	2.65782048516669	0.978025792378358	0.978025792378358	TRUE	0.131913411012275	-3.04527908504429	3.30910590706884	0.926079839988951	TRUE	"negative"	"positive"	3.91505711809969	"direction_flipped"
"IgA_mucosal_plasma"	"SSc-ILD vs HC"	-0.233864793479704	-2.26678324302416	1.79905365606475	0.800537532594339	0.978025792378358	TRUE	-0.0285748839426175	-3.08199588755904	3.0248461196738	0.983311280485713	TRUE	"negative"	"negative"	0.122185488108099	"direction_consistent_noticeably_weakened"
"IgA_mucosal_plasma"	"SSc-ILD vs IPF"	-0.200170927200608	-2.94495394844311	2.54461209404189	0.872610377823435	0.978025792378358	TRUE	-0.160488294954892	-3.00376957268097	2.68279298277118	0.899651770767218	TRUE	"negative"	"negative"	0.801756265004726	"direction_consistent_similar"
"Mature_B_core"	"IPF vs HC"	1.08854741922776	-1.4235237014736	3.60061853992913	0.352575128894487	0.978025792378358	TRUE	1.39124430295297	-1.058527034273	3.84101564017894	0.226688295475833	TRUE	"positive"	"positive"	1.2780741365773	"direction_consistent_noticeably_strengthened"
"Mature_B_core"	"SSc-ILD vs HC"	-0.124325368614395	-1.93821589859949	1.68956516137071	0.880203597269819	0.978025792378358	TRUE	0.250903406916857	-1.61722414556168	2.1190309593954	0.764692609782363	TRUE	"negative"	"positive"	2.01811914746905	"direction_flipped"
"Mature_B_core"	"SSc-ILD vs IPF"	-1.21287278784216	-3.72394304305639	1.29819746737208	0.302932582273592	0.978025792378358	TRUE	-1.14034089603611	-3.65596607292735	1.37528428085513	0.326429351141634	TRUE	"negative"	"negative"	0.940198269321312	"direction_consistent_similar"
"Memory_tissue_B"	"IPF vs HC"	0.359320628059411	-1.44084044602607	2.15948170214489	0.662286597486101	0.978025792378358	TRUE	0.499709326866368	-1.50580460513609	2.50522325886883	0.581367364332112	TRUE	"positive"	"positive"	1.39070592625076	"direction_consistent_noticeably_strengthened"
"Memory_tissue_B"	"SSc-ILD vs HC"	-0.323487726939086	-1.51061145607131	0.86363600219314	0.552880534740974	0.978025792378358	TRUE	-0.149459243713662	-1.79160394644578	1.49268545901846	0.839007658610528	TRUE	"negative"	"negative"	0.462024464198007	"direction_consistent_noticeably_weakened"
"Memory_tissue_B"	"SSc-ILD vs IPF"	-0.682808354998497	-2.61507244437222	1.24945573437523	0.44465250831863	0.978025792378358	TRUE	-0.64916857058003	-2.61890470943544	1.32056756827538	0.469061234290613	TRUE	"negative"	"negative"	0.950733197430572	"direction_consistent_similar"
"Naive_B"	"IPF vs HC"	-0.193408159845918	-2.05315799559293	1.66634167590109	0.819274705171563	0.978025792378358	TRUE	-0.0256388470974574	-2.1412869553065	2.09000926111158	0.978390007311091	TRUE	"negative"	"negative"	0.132563419857172	"direction_consistent_noticeably_weakened"
"Naive_B"	"SSc-ILD vs HC"	-0.727634744075369	-2.30536736310227	0.850097874951531	0.324028654931055	0.978025792378358	TRUE	-0.5196647345411	-2.67881688525099	1.63948741616879	0.594062464181884	TRUE	"negative"	"negative"	0.714183508652348	"direction_consistent_noticeably_weakened"
"Naive_B"	"SSc-ILD vs IPF"	-0.53422658422945	-2.3725527509728	1.3040995825139	0.527380472293872	0.978025792378358	TRUE	-0.494025887443643	-2.39535237917955	1.40730060429226	0.565634118546809	TRUE	"negative"	"negative"	0.924749726103968	"direction_consistent_similar"
