panel	cohort	omitted_sample	contrast	loo_effect	loo_model_stable	full_effect	direction_flip_vs_full	absolute_change	relative_absolute_change
"Mature_B_core"	"primary15"	"HC/NL-50"	"SSc-ILD vs HC"	NA	FALSE	-0.124325368614395	FALSE	NA	NA
"Mature_B_core"	"primary15"	"HC/NL-50"	"IPF vs HC"	NA	FALSE	1.08854741922776	FALSE	NA	NA
"Mature_B_core"	"primary15"	"HC/NL-50"	"SSc-ILD vs IPF"	NA	FALSE	-1.21287278784216	FALSE	NA	NA
"Mature_B_core"	"primary15"	"HC/NL-55"	"SSc-ILD vs HC"	-0.0333245307685677	TRUE	-0.124325368614395	FALSE	0.0910008378458268	0.731957112695748
"Mature_B_core"	"primary15"	"HC/NL-55"	"IPF vs HC"	1.17658894791986	TRUE	1.08854741922776	FALSE	0.0880415286920948	0.0808798286018199
"Mature_B_core"	"primary15"	"HC/NL-55"	"SSc-ILD vs IPF"	-1.20991347868843	TRUE	-1.21287278784216	FALSE	0.0029593091537321	0.00243991718125448
"Mature_B_core"	"primary15"	"HC/NL-63"	"SSc-ILD vs HC"	-0.445291711479683	TRUE	-0.124325368614395	FALSE	0.320966342865288	2.58166411604049
"Mature_B_core"	"primary15"	"HC/NL-63"	"IPF vs HC"	0.700624581010422	TRUE	1.08854741922776	FALSE	0.387922838217341	0.356367422645254
"Mature_B_core"	"primary15"	"HC/NL-63"	"SSc-ILD vs IPF"	-1.1459162924901	TRUE	-1.21287278784216	FALSE	0.0669564953520523	0.0552048788819607
"Mature_B_core"	"primary15"	"HC/NL-72"	"SSc-ILD vs HC"	-0.242100720810923	TRUE	-0.124325368614395	FALSE	0.117775352196528	0.947315527869603
"Mature_B_core"	"primary15"	"HC/NL-72"	"IPF vs HC"	0.975392344630852	TRUE	1.08854741922776	FALSE	0.113155074596911	0.103950523971831
"Mature_B_core"	"primary15"	"HC/NL-72"	"SSc-ILD vs IPF"	-1.21749306544177	TRUE	-1.21287278784216	FALSE	0.00462027759961758	0.00380936702177777
"Mature_B_core"	"primary15"	"IPF/FO23-1-03100"	"SSc-ILD vs HC"	-0.0928503243007967	TRUE	-0.124325368614395	FALSE	0.0314750443135979	0.253166708165735
"Mature_B_core"	"primary15"	"IPF/FO23-1-03100"	"IPF vs HC"	1.54793287613868	TRUE	1.08854741922776	FALSE	0.459385456910914	0.422016945515163
"Mature_B_core"	"primary15"	"IPF/FO23-1-03100"	"SSc-ILD vs IPF"	-1.64078320043947	TRUE	-1.21287278784216	FALSE	0.427910412597316	0.352807332217107
"Mature_B_core"	"primary15"	"IPF/FO23-1-06168"	"SSc-ILD vs HC"	-0.0881477200428265	TRUE	-0.124325368614395	FALSE	0.0361776485715681	0.290991685564802
"Mature_B_core"	"primary15"	"IPF/FO23-1-06168"	"IPF vs HC"	0.751586307651045	TRUE	1.08854741922776	FALSE	0.336961111576717	0.309551155626977
"Mature_B_core"	"primary15"	"IPF/FO23-1-06168"	"SSc-ILD vs IPF"	-0.839734027693872	TRUE	-1.21287278784216	FALSE	0.373138760148285	0.30764871954308
"Mature_B_core"	"primary15"	"IPF/FO23-1-06170"	"SSc-ILD vs HC"	-0.152089672764554	TRUE	-0.124325368614395	FALSE	0.0277643041501598	0.223319701036022
"Mature_B_core"	"primary15"	"IPF/FO23-1-06170"	"IPF vs HC"	1.31186699592972	TRUE	1.08854741922776	FALSE	0.223319576701961	0.2051537422783
"Mature_B_core"	"primary15"	"IPF/FO23-1-06170"	"SSc-ILD vs IPF"	-1.46395666869428	TRUE	-1.21287278784216	FALSE	0.251083880852121	0.207015841536711
"Mature_B_core"	"primary15"	"IPF/FO23-1-09473"	"SSc-ILD vs HC"	-0.164462975003025	TRUE	-0.124325368614395	FALSE	0.0401376063886307	0.322843252635918
"Mature_B_core"	"primary15"	"IPF/FO23-1-09473"	"IPF vs HC"	0.721785640877212	TRUE	1.08854741922776	FALSE	0.366761778350551	0.336927700045202
"Mature_B_core"	"primary15"	"IPF/FO23-1-09473"	"SSc-ILD vs IPF"	-0.886248615880237	TRUE	-1.21287278784216	FALSE	0.32662417196192	0.269297963674346
"Mature_B_core"	"primary15"	"SSC/05957/17B"	"SSc-ILD vs HC"	-0.0358109258128674	TRUE	-0.124325368614395	FALSE	0.0885144428015271	0.711958016195891
"Mature_B_core"	"primary15"	"SSC/05957/17B"	"IPF vs HC"	0.554648289663723	TRUE	1.08854741922776	FALSE	0.533899129564039	0.490469335679284
"Mature_B_core"	"primary15"	"SSC/05957/17B"	"SSc-ILD vs IPF"	-0.59045921547659	TRUE	-1.21287278784216	FALSE	0.622413572365567	0.513173004295787
"Mature_B_core"	"primary15"	"SSC/07998/15A"	"SSc-ILD vs HC"	-0.187545876639869	TRUE	-0.124325368614395	FALSE	0.0632205080254748	0.508508510612653
"Mature_B_core"	"primary15"	"SSC/07998/15A"	"IPF vs HC"	1.11035883069334	TRUE	1.08854741922776	FALSE	0.021811411465579	0.0200371716291904
"Mature_B_core"	"primary15"	"SSC/07998/15A"	"SSc-ILD vs IPF"	-1.29790470733321	TRUE	-1.21287278784216	FALSE	0.0850319194910536	0.0701078632016597
"Mature_B_core"	"primary15"	"SSC/15491/14"	"SSc-ILD vs HC"	-0.279820834364002	TRUE	-0.124325368614395	FALSE	0.155495465749608	1.25071389276866
"Mature_B_core"	"primary15"	"SSC/15491/14"	"IPF vs HC"	1.0390342509965	TRUE	1.08854741922776	FALSE	0.0495131682312628	0.0454855409665006
"Mature_B_core"	"primary15"	"SSC/15491/14"	"SSc-ILD vs IPF"	-1.3188550853605	TRUE	-1.21287278784216	FALSE	0.105982297518345	0.08738121473308
"Mature_B_core"	"primary15"	"SSC/23-105334B1"	"SSc-ILD vs HC"	0.197186817812116	TRUE	-0.124325368614395	TRUE	0.321512186426511	2.5860545599805
"Mature_B_core"	"primary15"	"SSC/23-105334B1"	"IPF vs HC"	1.24749215701675	TRUE	1.08854741922776	FALSE	0.158944737788989	0.146015446806853
"Mature_B_core"	"primary15"	"SSC/23-105334B1"	"SSc-ILD vs IPF"	-1.05030533920463	TRUE	-1.21287278784216	FALSE	0.162567448637522	0.134035036705497
"Mature_B_core"	"primary15"	"SSC/24-1-18170A2"	"SSc-ILD vs HC"	NA	FALSE	-0.124325368614395	FALSE	NA	NA
"Mature_B_core"	"primary15"	"SSC/24-1-18170A2"	"IPF vs HC"	NA	FALSE	1.08854741922776	FALSE	NA	NA
"Mature_B_core"	"primary15"	"SSC/24-1-18170A2"	"SSc-ILD vs IPF"	NA	FALSE	-1.21287278784216	FALSE	NA	NA
"Mature_B_core"	"primary15"	"SSC/FO20-I-08293B1"	"SSc-ILD vs HC"	-0.426630961606612	TRUE	-0.124325368614395	FALSE	0.302305592992217	2.43156804087059
"Mature_B_core"	"primary15"	"SSC/FO20-I-08293B1"	"IPF vs HC"	1.32658493403035	TRUE	1.08854741922776	FALSE	0.238037514802592	0.218674456066839
"Mature_B_core"	"primary15"	"SSC/FO20-I-08293B1"	"SSc-ILD vs IPF"	-1.75321589563697	TRUE	-1.21287278784216	FALSE	0.54034310779481	0.44550682743583
"Mature_B_core"	"primary15"	"SSC/FO21-1-01756B1"	"SSc-ILD vs HC"	-0.0972395788946201	TRUE	-0.124325368614395	FALSE	0.0270857897197745	0.217862130807617
"Mature_B_core"	"primary15"	"SSC/FO21-1-01756B1"	"IPF vs HC"	1.0871224075202	TRUE	1.08854741922776	FALSE	0.00142501170756404	0.00130909474625825
"Mature_B_core"	"primary15"	"SSC/FO21-1-01756B1"	"SSc-ILD vs IPF"	-1.18436198641482	TRUE	-1.21287278784216	FALSE	0.0285108014273385	0.0235068357647487
"ILD_plasma_cell"	"primary15"	"HC/NL-50"	"SSc-ILD vs HC"	NA	FALSE	-0.522370991743134	FALSE	NA	NA
"ILD_plasma_cell"	"primary15"	"HC/NL-50"	"IPF vs HC"	NA	FALSE	0.173724124574724	FALSE	NA	NA
"ILD_plasma_cell"	"primary15"	"HC/NL-50"	"SSc-ILD vs IPF"	NA	FALSE	-0.696095116317858	FALSE	NA	NA
"ILD_plasma_cell"	"primary15"	"HC/NL-55"	"SSc-ILD vs HC"	-0.590140728300784	TRUE	-0.522370991743134	FALSE	0.0677697365576496	0.129734877374228
"ILD_plasma_cell"	"primary15"	"HC/NL-55"	"IPF vs HC"	0.108158231481468	TRUE	0.173724124574724	FALSE	0.0655658930932559	0.377413863812876
"ILD_plasma_cell"	"primary15"	"HC/NL-55"	"SSc-ILD vs IPF"	-0.698298959782252	TRUE	-0.696095116317858	FALSE	0.00220384346439373	0.00316600908802726
"ILD_plasma_cell"	"primary15"	"HC/NL-63"	"SSc-ILD vs HC"	-0.554287813639114	TRUE	-0.522370991743134	FALSE	0.03191682189598	0.0610999125151928
"ILD_plasma_cell"	"primary15"	"HC/NL-63"	"IPF vs HC"	0.135149163641943	TRUE	0.173724124574724	FALSE	0.0385749609327812	0.222047231650829
"ILD_plasma_cell"	"primary15"	"HC/NL-63"	"SSc-ILD vs IPF"	-0.689436977281057	TRUE	-0.696095116317858	FALSE	0.00665813903680124	0.00956498455558899
"ILD_plasma_cell"	"primary15"	"HC/NL-72"	"SSc-ILD vs HC"	-0.533531324114154	TRUE	-0.522370991743134	FALSE	0.0111603323710194	0.0213647628743277
"ILD_plasma_cell"	"primary15"	"HC/NL-72"	"IPF vs HC"	0.163001607355146	TRUE	0.173724124574724	FALSE	0.0107225172195775	0.0617215210945872
"ILD_plasma_cell"	"primary15"	"HC/NL-72"	"SSc-ILD vs IPF"	-0.6965329314693	TRUE	-0.696095116317858	FALSE	0.000437815151441923	0.000628958803443182
"ILD_plasma_cell"	"primary15"	"IPF/FO23-1-03100"	"SSc-ILD vs HC"	-0.481564957191936	TRUE	-0.522370991743134	FALSE	0.0408060345511984	0.07811696130949
"ILD_plasma_cell"	"primary15"	"IPF/FO23-1-03100"	"IPF vs HC"	0.769297514091103	TRUE	0.173724124574724	FALSE	0.595573389516379	3.42827106467994
"ILD_plasma_cell"	"primary15"	"IPF/FO23-1-03100"	"SSc-ILD vs IPF"	-1.25086247128304	TRUE	-0.696095116317858	FALSE	0.554767354965181	0.79697061789449
"ILD_plasma_cell"	"primary15"	"IPF/FO23-1-06168"	"SSc-ILD vs HC"	-0.511708422207545	TRUE	-0.522370991743134	FALSE	0.0106625695355893	0.0204118714555888
"ILD_plasma_cell"	"primary15"	"IPF/FO23-1-06168"	"IPF vs HC"	0.0744122172276053	TRUE	0.173724124574724	FALSE	0.0993119073471185	0.571664457024802
"ILD_plasma_cell"	"primary15"	"IPF/FO23-1-06168"	"SSc-ILD vs IPF"	-0.58612063943515	TRUE	-0.696095116317858	FALSE	0.109974476882708	0.157987715047393
"ILD_plasma_cell"	"primary15"	"IPF/FO23-1-06170"	"SSc-ILD vs HC"	-0.536372403848669	TRUE	-0.522370991743134	FALSE	0.0140014121055345	0.0268035789254152
"ILD_plasma_cell"	"primary15"	"IPF/FO23-1-06170"	"IPF vs HC"	0.286343169796468	TRUE	0.173724124574724	FALSE	0.112619045221745	0.648263708321661
"ILD_plasma_cell"	"primary15"	"IPF/FO23-1-06170"	"SSc-ILD vs IPF"	-0.822715573645137	TRUE	-0.696095116317858	FALSE	0.126620457327279	0.181901085583052
"ILD_plasma_cell"	"primary15"	"IPF/FO23-1-09473"	"SSc-ILD vs HC"	-0.597378926056454	TRUE	-0.522370991743134	FALSE	0.0750079343133195	0.143591308665553
"ILD_plasma_cell"	"primary15"	"IPF/FO23-1-09473"	"IPF vs HC"	-0.511669097751124	TRUE	0.173724124574724	TRUE	0.685393222325848	3.94529673989544
"ILD_plasma_cell"	"primary15"	"IPF/FO23-1-09473"	"SSc-ILD vs IPF"	-0.0857098283053297	TRUE	-0.696095116317858	FALSE	0.610385288012528	0.876870522007524
"ILD_plasma_cell"	"primary15"	"SSC/05957/17B"	"SSc-ILD vs HC"	-0.443820341867383	TRUE	-0.522370991743134	FALSE	0.0785506498757512	0.150373300044151
"ILD_plasma_cell"	"primary15"	"SSC/05957/17B"	"IPF vs HC"	-0.300075656206717	TRUE	0.173724124574724	TRUE	0.473799780781441	2.72731137337029
"ILD_plasma_cell"	"primary15"	"SSC/05957/17B"	"SSc-ILD vs IPF"	-0.143744685660666	TRUE	-0.696095116317858	FALSE	0.552350430657192	0.793498500002365
"ILD_plasma_cell"	"primary15"	"SSC/07998/15A"	"SSc-ILD vs HC"	-0.578451091914218	TRUE	-0.522370991743134	FALSE	0.0560801001710836	0.107356842277834
"ILD_plasma_cell"	"primary15"	"SSC/07998/15A"	"IPF vs HC"	0.19307205735896	TRUE	0.173724124574724	FALSE	0.0193479327842363	0.111371594656758
"ILD_plasma_cell"	"primary15"	"SSC/07998/15A"	"SSc-ILD vs IPF"	-0.771523149273178	TRUE	-0.696095116317858	FALSE	0.0754280329553199	0.108358802104966
"ILD_plasma_cell"	"primary15"	"SSC/15491/14"	"SSc-ILD vs HC"	-0.699662867028408	TRUE	-0.522370991743134	FALSE	0.177291875285274	0.339398393263869
"ILD_plasma_cell"	"primary15"	"SSC/15491/14"	"IPF vs HC"	0.117270501282763	TRUE	0.173724124574724	FALSE	0.0564536232919608	0.324961334127653
"ILD_plasma_cell"	"primary15"	"SSC/15491/14"	"SSc-ILD vs IPF"	-0.816933368311171	TRUE	-0.696095116317858	FALSE	0.120838251993313	0.173594454494254
"ILD_plasma_cell"	"primary15"	"SSC/23-105334B1"	"SSc-ILD vs HC"	-0.0578260387820613	TRUE	-0.522370991743134	FALSE	0.464544952961073	0.889300823177226
"ILD_plasma_cell"	"primary15"	"SSC/23-105334B1"	"IPF vs HC"	0.403379418702969	TRUE	0.173724124574724	FALSE	0.229655294128245	1.32195395826826
"ILD_plasma_cell"	"primary15"	"SSC/23-105334B1"	"SSc-ILD vs IPF"	-0.46120545748503	TRUE	-0.696095116317858	FALSE	0.234889658832828	0.337439027119349
"ILD_plasma_cell"	"primary15"	"SSC/24-1-18170A2"	"SSc-ILD vs HC"	NA	FALSE	-0.522370991743134	FALSE	NA	NA
"ILD_plasma_cell"	"primary15"	"SSC/24-1-18170A2"	"IPF vs HC"	NA	FALSE	0.173724124574724	FALSE	NA	NA
"ILD_plasma_cell"	"primary15"	"SSC/24-1-18170A2"	"SSc-ILD vs IPF"	NA	FALSE	-0.696095116317858	FALSE	NA	NA
"ILD_plasma_cell"	"primary15"	"SSC/FO20-I-08293B1"	"SSc-ILD vs HC"	-0.691119998998183	TRUE	-0.522370991743134	FALSE	0.168749007255049	0.323044368700374
"ILD_plasma_cell"	"primary15"	"SSC/FO20-I-08293B1"	"IPF vs HC"	0.306598260030861	TRUE	0.173724124574724	FALSE	0.132874135456137	0.764857130703136
"ILD_plasma_cell"	"primary15"	"SSC/FO20-I-08293B1"	"SSc-ILD vs IPF"	-0.997718259029044	TRUE	-0.696095116317858	FALSE	0.301623142711186	0.433307367973914
"ILD_plasma_cell"	"primary15"	"SSC/FO21-1-01756B1"	"SSc-ILD vs HC"	-0.63952397869535	TRUE	-0.522370991743134	FALSE	0.117152986952216	0.224271616923597
"ILD_plasma_cell"	"primary15"	"SSC/FO21-1-01756B1"	"IPF vs HC"	0.179887665668078	TRUE	0.173724124574724	FALSE	0.0061635410933544	0.0354789014389494
"ILD_plasma_cell"	"primary15"	"SSC/FO21-1-01756B1"	"SSc-ILD vs IPF"	-0.819411644363428	TRUE	-0.696095116317858	FALSE	0.12331652804557	0.177154709399311
"IgA_mucosal_plasma"	"primary15"	"HC/NL-50"	"SSc-ILD vs HC"	NA	FALSE	-0.233864793479704	FALSE	NA	NA
"IgA_mucosal_plasma"	"primary15"	"HC/NL-50"	"IPF vs HC"	NA	FALSE	-0.0336938662790963	FALSE	NA	NA
"IgA_mucosal_plasma"	"primary15"	"HC/NL-50"	"SSc-ILD vs IPF"	NA	FALSE	-0.200170927200608	FALSE	NA	NA
"IgA_mucosal_plasma"	"primary15"	"HC/NL-55"	"SSc-ILD vs HC"	-0.442721151909647	TRUE	-0.233864793479704	FALSE	0.208856358429943	0.893064558039465
"IgA_mucosal_plasma"	"primary15"	"HC/NL-55"	"IPF vs HC"	-0.235758303360318	TRUE	-0.0336938662790963	FALSE	0.202064437081221	5.99706888510395
"IgA_mucosal_plasma"	"primary15"	"HC/NL-55"	"SSc-ILD vs IPF"	-0.20696284854933	TRUE	-0.200170927200608	FALSE	0.00679192134872156	0.0339306084240436
"IgA_mucosal_plasma"	"primary15"	"HC/NL-63"	"SSc-ILD vs HC"	-0.199148771079643	TRUE	-0.233864793479704	FALSE	0.0347160224000615	0.148444842353213
"IgA_mucosal_plasma"	"primary15"	"HC/NL-63"	"IPF vs HC"	0.00826423381584329	TRUE	-0.0336938662790963	TRUE	0.0419581000949396	1.24527413231204
"IgA_mucosal_plasma"	"primary15"	"HC/NL-63"	"SSc-ILD vs IPF"	-0.207413004895486	TRUE	-0.200170927200608	FALSE	0.00724207769487806	0.0361794681982972
"IgA_mucosal_plasma"	"primary15"	"HC/NL-72"	"SSc-ILD vs HC"	-0.141648165541131	TRUE	-0.233864793479704	FALSE	0.0922166279385735	0.394315991588432
"IgA_mucosal_plasma"	"primary15"	"HC/NL-72"	"IPF vs HC"	0.0549051420775291	TRUE	-0.0336938662790963	TRUE	0.0885990083566253	2.6295292924455
"IgA_mucosal_plasma"	"primary15"	"HC/NL-72"	"SSc-ILD vs IPF"	-0.19655330761866	TRUE	-0.200170927200608	FALSE	0.00361761958194817	0.0180726523703547
"IgA_mucosal_plasma"	"primary15"	"IPF/FO23-1-03100"	"SSc-ILD vs HC"	-0.201593779989594	TRUE	-0.233864793479704	FALSE	0.0322710134901107	0.137990045487164
"IgA_mucosal_plasma"	"primary15"	"IPF/FO23-1-03100"	"IPF vs HC"	0.437308942467739	TRUE	-0.0336938662790963	TRUE	0.471002808746835	13.978888764067
"IgA_mucosal_plasma"	"primary15"	"IPF/FO23-1-03100"	"SSc-ILD vs IPF"	-0.638902722457332	TRUE	-0.200170927200608	FALSE	0.438731795256724	2.19178579723036
"IgA_mucosal_plasma"	"primary15"	"IPF/FO23-1-06168"	"SSc-ILD vs HC"	-0.245641142699253	TRUE	-0.233864793479704	FALSE	0.0117763492195484	0.0503553743354295
"IgA_mucosal_plasma"	"primary15"	"IPF/FO23-1-06168"	"IPF vs HC"	0.0759918617882266	TRUE	-0.0336938662790963	TRUE	0.109685728067323	3.25536188571426
"IgA_mucosal_plasma"	"primary15"	"IPF/FO23-1-06168"	"SSc-ILD vs IPF"	-0.321633004487479	TRUE	-0.200170927200608	FALSE	0.121462077286871	0.606791800315458
"IgA_mucosal_plasma"	"primary15"	"IPF/FO23-1-06170"	"SSc-ILD vs HC"	-0.242016340307321	TRUE	-0.233864793479704	FALSE	0.00815154682761707	0.0348558100872267
"IgA_mucosal_plasma"	"primary15"	"IPF/FO23-1-06170"	"IPF vs HC"	0.0318723361786998	TRUE	-0.0336938662790963	TRUE	0.0655662024577961	1.94593882206013
"IgA_mucosal_plasma"	"primary15"	"IPF/FO23-1-06170"	"SSc-ILD vs IPF"	-0.273888676486021	TRUE	-0.200170927200608	FALSE	0.0737177492854132	0.368274006202382
"IgA_mucosal_plasma"	"primary15"	"IPF/FO23-1-09473"	"SSc-ILD vs HC"	-0.317331541977584	TRUE	-0.233864793479704	FALSE	0.0834667484978796	0.356901726232355
"IgA_mucosal_plasma"	"primary15"	"IPF/FO23-1-09473"	"IPF vs HC"	-0.796380430490525	TRUE	-0.0336938662790963	FALSE	0.762686564211429	22.6357687151089
"IgA_mucosal_plasma"	"primary15"	"IPF/FO23-1-09473"	"SSc-ILD vs IPF"	0.479048888512941	TRUE	-0.200170927200608	TRUE	0.679219815713549	3.39319912842711
"IgA_mucosal_plasma"	"primary15"	"SSC/05957/17B"	"SSc-ILD vs HC"	-0.136952902248323	TRUE	-0.233864793479704	FALSE	0.0969118912313816	0.414392819840119
"IgA_mucosal_plasma"	"primary15"	"SSC/05957/17B"	"IPF vs HC"	-0.618244508357463	TRUE	-0.0336938662790963	FALSE	0.584550642078367	17.3488740424254
"IgA_mucosal_plasma"	"primary15"	"SSC/05957/17B"	"SSc-ILD vs IPF"	0.481291606109141	TRUE	-0.200170927200608	TRUE	0.681462533309749	3.40440314105554
"IgA_mucosal_plasma"	"primary15"	"SSC/07998/15A"	"SSc-ILD vs HC"	-0.263182442287222	TRUE	-0.233864793479704	FALSE	0.0293176488075173	0.125361532068578
"IgA_mucosal_plasma"	"primary15"	"SSC/07998/15A"	"IPF vs HC"	-0.0235791215338279	TRUE	-0.0336938662790963	FALSE	0.0101147447452683	0.300195432055345
"IgA_mucosal_plasma"	"primary15"	"SSC/07998/15A"	"SSc-ILD vs IPF"	-0.239603320753394	TRUE	-0.200170927200608	FALSE	0.0394323935527857	0.196993609932511
"IgA_mucosal_plasma"	"primary15"	"SSC/15491/14"	"SSc-ILD vs HC"	-0.587597995299217	TRUE	-0.233864793479704	FALSE	0.353733201819512	1.51255431207182
"IgA_mucosal_plasma"	"primary15"	"SSC/15491/14"	"IPF vs HC"	-0.146330279477647	TRUE	-0.0336938662790963	FALSE	0.11263641319855	3.34293524719157
"IgA_mucosal_plasma"	"primary15"	"SSC/15491/14"	"SSc-ILD vs IPF"	-0.44126771582157	TRUE	-0.200170927200608	FALSE	0.241096788620962	1.20445457286282
"IgA_mucosal_plasma"	"primary15"	"SSC/23-105334B1"	"SSc-ILD vs HC"	0.444065834438257	TRUE	-0.233864793479704	TRUE	0.677930627917961	2.89881438685552
"IgA_mucosal_plasma"	"primary15"	"SSC/23-105334B1"	"IPF vs HC"	0.30145207979276	TRUE	-0.0336938662790963	TRUE	0.335145946071856	9.9467939741834
"IgA_mucosal_plasma"	"primary15"	"SSC/23-105334B1"	"SSc-ILD vs IPF"	0.142613754645497	TRUE	-0.200170927200608	TRUE	0.342784681846105	1.71245987936386
"IgA_mucosal_plasma"	"primary15"	"SSC/24-1-18170A2"	"SSc-ILD vs HC"	NA	FALSE	-0.233864793479704	FALSE	NA	NA
"IgA_mucosal_plasma"	"primary15"	"SSC/24-1-18170A2"	"IPF vs HC"	NA	FALSE	-0.0336938662790963	FALSE	NA	NA
"IgA_mucosal_plasma"	"primary15"	"SSC/24-1-18170A2"	"SSc-ILD vs IPF"	NA	FALSE	-0.200170927200608	FALSE	NA	NA
"IgA_mucosal_plasma"	"primary15"	"SSC/FO20-I-08293B1"	"SSc-ILD vs HC"	-0.428867217068756	TRUE	-0.233864793479704	FALSE	0.195002423589052	0.833825479618312
"IgA_mucosal_plasma"	"primary15"	"SSC/FO20-I-08293B1"	"IPF vs HC"	0.119852390778786	TRUE	-0.0336938662790963	TRUE	0.153546257057883	4.55709819069185
"IgA_mucosal_plasma"	"primary15"	"SSC/FO20-I-08293B1"	"SSc-ILD vs IPF"	-0.548719607847542	TRUE	-0.200170927200608	FALSE	0.348548680646934	1.74125526379575
"IgA_mucosal_plasma"	"primary15"	"SSC/FO21-1-01756B1"	"SSc-ILD vs HC"	-0.403483951323237	TRUE	-0.233864793479704	FALSE	0.169619157843532	0.72528727098999
"IgA_mucosal_plasma"	"primary15"	"SSC/FO21-1-01756B1"	"IPF vs HC"	-0.0247700250968401	TRUE	-0.0336938662790963	FALSE	0.00892384118225619	0.264850614302834
"IgA_mucosal_plasma"	"primary15"	"SSC/FO21-1-01756B1"	"SSc-ILD vs IPF"	-0.378713926226397	TRUE	-0.200170927200608	FALSE	0.178542999025789	0.891952700238311
"GC_activated_B"	"primary15"	"HC/NL-50"	"SSc-ILD vs HC"	NA	FALSE	-0.717703521466202	FALSE	NA	NA
"GC_activated_B"	"primary15"	"HC/NL-50"	"IPF vs HC"	NA	FALSE	0.0493000646942449	FALSE	NA	NA
"GC_activated_B"	"primary15"	"HC/NL-50"	"SSc-ILD vs IPF"	NA	FALSE	-0.767003586160446	FALSE	NA	NA
"GC_activated_B"	"primary15"	"HC/NL-55"	"SSc-ILD vs HC"	-0.628646062877882	TRUE	-0.717703521466202	FALSE	0.08905745858832	0.124086695863473
"GC_activated_B"	"primary15"	"HC/NL-55"	"IPF vs HC"	0.135461412008787	TRUE	0.0493000646942449	FALSE	0.0861613473145424	1.74769237827391
"GC_activated_B"	"primary15"	"HC/NL-55"	"SSc-ILD vs IPF"	-0.764107474886669	TRUE	-0.767003586160446	FALSE	0.00289611127377765	0.00377587709631884
"GC_activated_B"	"primary15"	"HC/NL-63"	"SSc-ILD vs HC"	-0.888954942989772	TRUE	-0.717703521466202	FALSE	0.17125142152357	0.238610256744623
"GC_activated_B"	"primary15"	"HC/NL-63"	"IPF vs HC"	-0.157675959312296	TRUE	0.0493000646942449	TRUE	0.206976024006541	4.19829112375794
"GC_activated_B"	"primary15"	"HC/NL-63"	"SSc-ILD vs IPF"	-0.731278983677476	TRUE	-0.767003586160446	FALSE	0.0357246024829702	0.0465768389191039
"GC_activated_B"	"primary15"	"HC/NL-72"	"SSc-ILD vs HC"	-0.678395754454975	TRUE	-0.717703521466202	FALSE	0.039307767011227	0.0547688088960813
"GC_activated_B"	"primary15"	"HC/NL-72"	"IPF vs HC"	0.0870658045153513	TRUE	0.0493000646942449	FALSE	0.0377657398211064	0.76603834204532
"GC_activated_B"	"primary15"	"HC/NL-72"	"SSc-ILD vs IPF"	-0.765461558970326	TRUE	-0.767003586160446	FALSE	0.00154202719012053	0.00201045629765538
"GC_activated_B"	"primary15"	"IPF/FO23-1-03100"	"SSc-ILD vs HC"	-0.693773387520156	TRUE	-0.717703521466202	FALSE	0.0239301339460452	0.0333426452989364
"GC_activated_B"	"primary15"	"IPF/FO23-1-03100"	"IPF vs HC"	0.398565832431248	TRUE	0.0493000646942449	FALSE	0.349265767737003	7.08448903471267
"GC_activated_B"	"primary15"	"IPF/FO23-1-03100"	"SSc-ILD vs IPF"	-1.0923392199514	TRUE	-0.767003586160446	FALSE	0.325335633790958	0.424164423297628
"GC_activated_B"	"primary15"	"IPF/FO23-1-06168"	"SSc-ILD vs HC"	-0.695431927370801	TRUE	-0.717703521466202	FALSE	0.0222715940954004	0.031031746994778
"GC_activated_B"	"primary15"	"IPF/FO23-1-06168"	"IPF vs HC"	-0.158139097310064	TRUE	0.0493000646942449	TRUE	0.207439162004309	4.20768539130385
"GC_activated_B"	"primary15"	"IPF/FO23-1-06168"	"SSc-ILD vs IPF"	-0.537292830060737	TRUE	-0.767003586160446	FALSE	0.229710756099709	0.299491110921165
"GC_activated_B"	"primary15"	"IPF/FO23-1-06170"	"SSc-ILD vs HC"	-0.781416675271089	TRUE	-0.717703521466202	FALSE	0.0637131538048879	0.0887736396704976
"GC_activated_B"	"primary15"	"IPF/FO23-1-06170"	"IPF vs HC"	0.561770842319283	TRUE	0.0493000646942449	FALSE	0.512470777625038	10.3949311385967
"GC_activated_B"	"primary15"	"IPF/FO23-1-06170"	"SSc-ILD vs IPF"	-1.34318751759037	TRUE	-0.767003586160446	FALSE	0.576183931429926	0.751214129668223
"GC_activated_B"	"primary15"	"IPF/FO23-1-09473"	"SSc-ILD vs HC"	-0.807092442572062	TRUE	-0.717703521466202	FALSE	0.0893889211058608	0.124548533527114
"GC_activated_B"	"primary15"	"IPF/FO23-1-09473"	"IPF vs HC"	-0.767501000924458	TRUE	0.0493000646942449	TRUE	0.816801065618703	16.5679511920408
"GC_activated_B"	"primary15"	"IPF/FO23-1-09473"	"SSc-ILD vs IPF"	-0.039591441647604	TRUE	-0.767003586160446	FALSE	0.727412144512842	0.948381673355929
"GC_activated_B"	"primary15"	"SSC/05957/17B"	"SSc-ILD vs HC"	-0.676404694286845	TRUE	-0.717703521466202	FALSE	0.0412988271793562	0.0575430187314485
"GC_activated_B"	"primary15"	"SSC/05957/17B"	"IPF vs HC"	-0.199805134245044	TRUE	0.0493000646942449	TRUE	0.249105198939289	5.05283716125363
"GC_activated_B"	"primary15"	"SSC/05957/17B"	"SSc-ILD vs IPF"	-0.476599560041802	TRUE	-0.767003586160446	FALSE	0.290404026118645	0.378621471083835
"GC_activated_B"	"primary15"	"SSC/07998/15A"	"SSc-ILD vs HC"	-0.878544705924707	TRUE	-0.717703521466202	FALSE	0.160841184458506	0.224105329913837
"GC_activated_B"	"primary15"	"SSC/07998/15A"	"IPF vs HC"	0.104791128660725	TRUE	0.0493000646942449	FALSE	0.0554910639664806	1.1255779137539
"GC_activated_B"	"primary15"	"SSC/07998/15A"	"SSc-ILD vs IPF"	-0.983335834585433	TRUE	-0.767003586160446	FALSE	0.216332248424986	0.282048548831338
"GC_activated_B"	"primary15"	"SSC/15491/14"	"SSc-ILD vs HC"	-0.804818344077714	TRUE	-0.717703521466202	FALSE	0.0871148226115125	0.121379957051827
"GC_activated_B"	"primary15"	"SSC/15491/14"	"IPF vs HC"	0.0215607936704432	TRUE	0.0493000646942449	FALSE	0.0277392710238017	0.562661959894748
"GC_activated_B"	"primary15"	"SSC/15491/14"	"SSc-ILD vs IPF"	-0.826379137748157	TRUE	-0.767003586160446	FALSE	0.0593755515877108	0.0774123519877393
"GC_activated_B"	"primary15"	"SSC/23-105334B1"	"SSc-ILD vs HC"	-0.19386118968262	TRUE	-0.717703521466202	FALSE	0.523842331783582	0.729886807178291
"GC_activated_B"	"primary15"	"SSC/23-105334B1"	"IPF vs HC"	0.308269974959667	TRUE	0.0493000646942449	FALSE	0.258969910265422	5.25293246310189
"GC_activated_B"	"primary15"	"SSC/23-105334B1"	"SSc-ILD vs IPF"	-0.502131164642287	TRUE	-0.767003586160446	FALSE	0.264872421518159	0.345334006642769
"GC_activated_B"	"primary15"	"SSC/24-1-18170A2"	"SSc-ILD vs HC"	NA	FALSE	-0.717703521466202	FALSE	NA	NA
"GC_activated_B"	"primary15"	"SSC/24-1-18170A2"	"IPF vs HC"	NA	FALSE	0.0493000646942449	FALSE	NA	NA
"GC_activated_B"	"primary15"	"SSC/24-1-18170A2"	"SSc-ILD vs IPF"	NA	FALSE	-0.767003586160446	FALSE	NA	NA
"GC_activated_B"	"primary15"	"SSC/FO20-I-08293B1"	"SSc-ILD vs HC"	-0.844157876790817	TRUE	-0.717703521466202	FALSE	0.126454355324615	0.17619302614857
"GC_activated_B"	"primary15"	"SSC/FO20-I-08293B1"	"IPF vs HC"	0.148871098691653	TRUE	0.0493000646942449	FALSE	0.0995710339974083	2.01969377961145
"GC_activated_B"	"primary15"	"SSC/FO20-I-08293B1"	"SSc-ILD vs IPF"	-0.99302897548247	TRUE	-0.767003586160446	FALSE	0.226025389322024	0.294686222333701
"GC_activated_B"	"primary15"	"SSC/FO21-1-01756B1"	"SSc-ILD vs HC"	-0.709492810301396	TRUE	-0.717703521466202	FALSE	0.00821071116480532	0.0114402548116687
"GC_activated_B"	"primary15"	"SSC/FO21-1-01756B1"	"IPF vs HC"	0.0488680905979258	TRUE	0.0493000646942449	FALSE	0.0004319740963191	0.00876214055697836
"GC_activated_B"	"primary15"	"SSC/FO21-1-01756B1"	"SSc-ILD vs IPF"	-0.758360900899322	TRUE	-0.767003586160446	FALSE	0.00864268526112433	0.0112681158433546
"Naive_B"	"primary15"	"HC/NL-50"	"SSc-ILD vs HC"	NA	FALSE	-0.727634744075369	FALSE	NA	NA
"Naive_B"	"primary15"	"HC/NL-50"	"IPF vs HC"	NA	FALSE	-0.193408159845918	FALSE	NA	NA
"Naive_B"	"primary15"	"HC/NL-50"	"SSc-ILD vs IPF"	NA	FALSE	-0.53422658422945	FALSE	NA	NA
"Naive_B"	"primary15"	"HC/NL-55"	"SSc-ILD vs HC"	-1.01437081994289	TRUE	-0.727634744075369	FALSE	0.286736075867523	0.39406594888743
"Naive_B"	"primary15"	"HC/NL-55"	"IPF vs HC"	-0.470819698554154	TRUE	-0.193408159845918	FALSE	0.277411538708236	1.43433213432794
"Naive_B"	"primary15"	"HC/NL-55"	"SSc-ILD vs IPF"	-0.543551121388737	TRUE	-0.53422658422945	FALSE	0.00932453715928661	0.0174542739626782
"Naive_B"	"primary15"	"HC/NL-63"	"SSc-ILD vs HC"	-0.745175852718018	TRUE	-0.727634744075369	FALSE	0.0175411086426496	0.024107024555211
"Naive_B"	"primary15"	"HC/NL-63"	"IPF vs HC"	-0.21460850312612	TRUE	-0.193408159845918	FALSE	0.0212003432802021	0.109614523488004
"Naive_B"	"primary15"	"HC/NL-63"	"SSc-ILD vs IPF"	-0.530567349591898	TRUE	-0.53422658422945	FALSE	0.00365923463755258	0.00684959293598339
"Naive_B"	"primary15"	"HC/NL-72"	"SSc-ILD vs HC"	-0.475080007996164	TRUE	-0.727634744075369	FALSE	0.252554736079205	0.347089990047321
"Naive_B"	"primary15"	"HC/NL-72"	"IPF vs HC"	0.0492389600128975	TRUE	-0.193408159845918	TRUE	0.242647119858816	1.25458574267045
"Naive_B"	"primary15"	"HC/NL-72"	"SSc-ILD vs IPF"	-0.524318968009061	TRUE	-0.53422658422945	FALSE	0.00990761622038905	0.0185457192001769
"Naive_B"	"primary15"	"IPF/FO23-1-03100"	"SSc-ILD vs HC"	-0.718872960793399	TRUE	-0.727634744075369	FALSE	0.00876178328196997	0.0120414580987387
"Naive_B"	"primary15"	"IPF/FO23-1-03100"	"IPF vs HC"	-0.0655279326970807	TRUE	-0.193408159845918	FALSE	0.127880227148838	0.661193546594494
"Naive_B"	"primary15"	"IPF/FO23-1-03100"	"SSc-ILD vs IPF"	-0.653345028096318	TRUE	-0.53422658422945	FALSE	0.119118443866868	0.222973635875272
"Naive_B"	"primary15"	"IPF/FO23-1-06168"	"SSc-ILD vs HC"	-0.703172023364983	TRUE	-0.727634744075369	FALSE	0.0244627207103851	0.0336195060908901
"Naive_B"	"primary15"	"IPF/FO23-1-06168"	"IPF vs HC"	-0.42125562611939	TRUE	-0.193408159845918	FALSE	0.227847466273472	1.17806542627255
"Naive_B"	"primary15"	"IPF/FO23-1-06168"	"SSc-ILD vs IPF"	-0.281916397245593	TRUE	-0.53422658422945	FALSE	0.252310186983857	0.472290586863588
"Naive_B"	"primary15"	"IPF/FO23-1-06170"	"SSc-ILD vs HC"	-0.775820580922006	TRUE	-0.727634744075369	FALSE	0.0481858368466377	0.0662225618539823
"Naive_B"	"primary15"	"IPF/FO23-1-06170"	"IPF vs HC"	0.194170099973557	TRUE	-0.193408159845918	TRUE	0.387578259819475	2.00393954488914
"Naive_B"	"primary15"	"IPF/FO23-1-06170"	"SSc-ILD vs IPF"	-0.969990680895563	TRUE	-0.53422658422945	FALSE	0.435764096666113	0.815691524027475
"Naive_B"	"primary15"	"IPF/FO23-1-09473"	"SSc-ILD vs HC"	-0.768181302575766	TRUE	-0.727634744075369	FALSE	0.0405465585003971	0.0557237801390601
"Naive_B"	"primary15"	"IPF/FO23-1-09473"	"IPF vs HC"	-0.563906782947913	TRUE	-0.193408159845918	FALSE	0.370498623101995	1.91563077481921
"Naive_B"	"primary15"	"IPF/FO23-1-09473"	"SSc-ILD vs IPF"	-0.204274519627853	TRUE	-0.53422658422945	FALSE	0.329952064601597	0.617625693557554
"Naive_B"	"primary15"	"SSC/05957/17B"	"SSc-ILD vs HC"	-0.682964022109953	TRUE	-0.727634744075369	FALSE	0.0446707219654154	0.0613916835735766
"Naive_B"	"primary15"	"SSC/05957/17B"	"IPF vs HC"	-0.462851866652177	TRUE	-0.193408159845918	FALSE	0.269443706806258	1.39313515531565
"Naive_B"	"primary15"	"SSC/05957/17B"	"SSc-ILD vs IPF"	-0.220112155457777	TRUE	-0.53422658422945	FALSE	0.314114428771674	0.587979778701469
"Naive_B"	"primary15"	"SSC/07998/15A"	"SSc-ILD vs HC"	-0.632767587771729	TRUE	-0.727634744075369	FALSE	0.09486715630364	0.130377441533789
"Naive_B"	"primary15"	"SSC/07998/15A"	"IPF vs HC"	-0.226137833259395	TRUE	-0.193408159845918	FALSE	0.032729673413477	0.169225918076836
"Naive_B"	"primary15"	"SSC/07998/15A"	"SSc-ILD vs IPF"	-0.406629754512333	TRUE	-0.53422658422945	FALSE	0.127596829717117	0.238844028889274
"Naive_B"	"primary15"	"SSC/15491/14"	"SSc-ILD vs HC"	-1.03583892713527	TRUE	-0.727634744075369	FALSE	0.308204183059897	0.423569909998653
"Naive_B"	"primary15"	"SSC/15491/14"	"IPF vs HC"	-0.291547134457549	TRUE	-0.193408159845918	FALSE	0.0981389746116311	0.507418997677322
"Naive_B"	"primary15"	"SSC/15491/14"	"SSc-ILD vs IPF"	-0.744291792677716	TRUE	-0.53422658422945	FALSE	0.210065208448265	0.393213693682534
"Naive_B"	"primary15"	"SSC/23-105334B1"	"SSc-ILD vs HC"	-0.394381455361034	TRUE	-0.727634744075369	FALSE	0.333253288714335	0.457995294243146
"Naive_B"	"primary15"	"SSC/23-105334B1"	"IPF vs HC"	-0.0286590186679525	TRUE	-0.193408159845918	FALSE	0.164749141177966	0.851821046791489
"Naive_B"	"primary15"	"SSC/23-105334B1"	"SSc-ILD vs IPF"	-0.365722436693082	TRUE	-0.53422658422945	FALSE	0.168504147536369	0.315417001906435
"Naive_B"	"primary15"	"SSC/24-1-18170A2"	"SSc-ILD vs HC"	NA	FALSE	-0.727634744075369	FALSE	NA	NA
"Naive_B"	"primary15"	"SSC/24-1-18170A2"	"IPF vs HC"	NA	FALSE	-0.193408159845918	FALSE	NA	NA
"Naive_B"	"primary15"	"SSC/24-1-18170A2"	"SSc-ILD vs IPF"	NA	FALSE	-0.53422658422945	FALSE	NA	NA
"Naive_B"	"primary15"	"SSC/FO20-I-08293B1"	"SSc-ILD vs HC"	-0.893622343572722	TRUE	-0.727634744075369	FALSE	0.165987599497353	0.228119397608315
"Naive_B"	"primary15"	"SSC/FO20-I-08293B1"	"IPF vs HC"	-0.0627083759573214	TRUE	-0.193408159845918	FALSE	0.130699783888597	0.675771818483362
"Naive_B"	"primary15"	"SSC/FO20-I-08293B1"	"SSc-ILD vs IPF"	-0.8309139676154	TRUE	-0.53422658422945	FALSE	0.29668738338595	0.555358703861362
"Naive_B"	"primary15"	"SSC/FO21-1-01756B1"	"SSc-ILD vs HC"	-0.79383902912925	TRUE	-0.727634744075369	FALSE	0.0662042850538818	0.0909856017637117
"Naive_B"	"primary15"	"SSC/FO21-1-01756B1"	"IPF vs HC"	-0.189925083211671	TRUE	-0.193408159845918	FALSE	0.00348307663424755	0.0180089435576161
"Naive_B"	"primary15"	"SSC/FO21-1-01756B1"	"SSc-ILD vs IPF"	-0.60391394591758	TRUE	-0.53422658422945	FALSE	0.0696873616881293	0.130445327404745
"Memory_tissue_B"	"primary15"	"HC/NL-50"	"SSc-ILD vs HC"	NA	FALSE	-0.323487726939086	FALSE	NA	NA
"Memory_tissue_B"	"primary15"	"HC/NL-50"	"IPF vs HC"	NA	FALSE	0.359320628059411	FALSE	NA	NA
"Memory_tissue_B"	"primary15"	"HC/NL-50"	"SSc-ILD vs IPF"	NA	FALSE	-0.682808354998497	FALSE	NA	NA
"Memory_tissue_B"	"primary15"	"HC/NL-55"	"SSc-ILD vs HC"	-0.340031719867846	TRUE	-0.323487726939086	FALSE	0.0165439929287597	0.0511425675567438
"Memory_tissue_B"	"primary15"	"HC/NL-55"	"IPF vs HC"	0.343314638855367	TRUE	0.359320628059411	FALSE	0.0160059892040439	0.0445451442364658
"Memory_tissue_B"	"primary15"	"HC/NL-55"	"SSc-ILD vs IPF"	-0.683346358723213	TRUE	-0.682808354998497	FALSE	0.000538003724715797	0.000787927858201121
"Memory_tissue_B"	"primary15"	"HC/NL-63"	"SSc-ILD vs HC"	-0.302231747454468	TRUE	-0.323487726939086	FALSE	0.0212559794846181	0.0657087664059066
"Memory_tissue_B"	"primary15"	"HC/NL-63"	"IPF vs HC"	0.385010797991723	TRUE	0.359320628059411	FALSE	0.025690169932312	0.071496507370193
"Memory_tissue_B"	"primary15"	"HC/NL-63"	"SSc-ILD vs IPF"	-0.687242545446191	TRUE	-0.682808354998497	FALSE	0.004434190447694	0.00649404831565624
"Memory_tissue_B"	"primary15"	"HC/NL-72"	"SSc-ILD vs HC"	-0.464652593738235	TRUE	-0.323487726939086	FALSE	0.141164866799149	0.436383995568804
"Memory_tissue_B"	"primary15"	"HC/NL-72"	"IPF vs HC"	0.223693599693866	TRUE	0.359320628059411	FALSE	0.135627028365545	0.377454055721845
"Memory_tissue_B"	"primary15"	"HC/NL-72"	"SSc-ILD vs IPF"	-0.688346193432101	TRUE	-0.682808354998497	FALSE	0.00553783843360356	0.0081103846973515
"Memory_tissue_B"	"primary15"	"IPF/FO23-1-03100"	"SSc-ILD vs HC"	-0.3009684693027	TRUE	-0.323487726939086	FALSE	0.0225192576363856	0.0696139474887282
"Memory_tissue_B"	"primary15"	"IPF/FO23-1-03100"	"IPF vs HC"	0.687994333980684	TRUE	0.359320628059411	FALSE	0.328673705921273	0.914708703745584
"Memory_tissue_B"	"primary15"	"IPF/FO23-1-03100"	"SSc-ILD vs IPF"	-0.988962803283384	TRUE	-0.682808354998497	FALSE	0.306154448284888	0.448375369228693
"Memory_tissue_B"	"primary15"	"IPF/FO23-1-06168"	"SSc-ILD vs HC"	-0.295706324427579	TRUE	-0.323487726939086	FALSE	0.0277814025115073	0.0858808548144352
"Memory_tissue_B"	"primary15"	"IPF/FO23-1-06168"	"IPF vs HC"	0.100562730820188	TRUE	0.359320628059411	FALSE	0.258757897239223	0.720130927736327
"Memory_tissue_B"	"primary15"	"IPF/FO23-1-06168"	"SSc-ILD vs IPF"	-0.396269055247766	TRUE	-0.682808354998497	FALSE	0.286539299750731	0.419648203852692
"Memory_tissue_B"	"primary15"	"IPF/FO23-1-06170"	"SSc-ILD vs HC"	-0.349270924322708	TRUE	-0.323487726939086	FALSE	0.0257831973836222	0.0797037885411871
"Memory_tissue_B"	"primary15"	"IPF/FO23-1-06170"	"IPF vs HC"	0.5667053582724	TRUE	0.359320628059411	FALSE	0.207384730212989	0.577157875218618
"Memory_tissue_B"	"primary15"	"IPF/FO23-1-06170"	"SSc-ILD vs IPF"	-0.915976282595108	TRUE	-0.682808354998497	FALSE	0.233167927596611	0.341483706064382
"Memory_tissue_B"	"primary15"	"IPF/FO23-1-09473"	"SSc-ILD vs HC"	-0.356786960154347	TRUE	-0.323487726939086	FALSE	0.0332992332152609	0.102938165631029
"Memory_tissue_B"	"primary15"	"IPF/FO23-1-09473"	"IPF vs HC"	0.0550452342183679	TRUE	0.359320628059411	FALSE	0.304275393841043	0.846807475218855
"Memory_tissue_B"	"primary15"	"IPF/FO23-1-09473"	"SSc-ILD vs IPF"	-0.411832194372715	TRUE	-0.682808354998497	FALSE	0.270976160625782	0.396855367457211
"Memory_tissue_B"	"primary15"	"SSC/05957/17B"	"SSc-ILD vs HC"	-0.246469995580178	TRUE	-0.323487726939086	FALSE	0.0770177313589081	0.238085481905812
"Memory_tissue_B"	"primary15"	"SSC/05957/17B"	"IPF vs HC"	-0.105232934410851	TRUE	0.359320628059411	TRUE	0.464553562470262	1.29286638782523
"Memory_tissue_B"	"primary15"	"SSC/05957/17B"	"SSc-ILD vs IPF"	-0.141237061169327	TRUE	-0.682808354998497	FALSE	0.54157129382917	0.793152705095945
"Memory_tissue_B"	"primary15"	"SSC/07998/15A"	"SSc-ILD vs HC"	-0.390577414841805	TRUE	-0.323487726939086	FALSE	0.0670896879027195	0.207394847827883
"Memory_tissue_B"	"primary15"	"SSC/07998/15A"	"IPF vs HC"	0.382466927158329	TRUE	0.359320628059411	FALSE	0.0231462990989182	0.0644168391442618
"Memory_tissue_B"	"primary15"	"SSC/07998/15A"	"SSc-ILD vs IPF"	-0.773044342000135	TRUE	-0.682808354998497	FALSE	0.0902359870016377	0.132154192814229
"Memory_tissue_B"	"primary15"	"SSC/15491/14"	"SSc-ILD vs HC"	-0.494787163981067	TRUE	-0.323487726939086	FALSE	0.171299437041981	0.529539215174729
"Memory_tissue_B"	"primary15"	"SSC/15491/14"	"IPF vs HC"	0.304775128592318	TRUE	0.359320628059411	FALSE	0.0545454994670934	0.15180174809801
"Memory_tissue_B"	"primary15"	"SSC/15491/14"	"SSc-ILD vs IPF"	-0.799562292573384	TRUE	-0.682808354998497	FALSE	0.116753937574887	0.170990786390047
"Memory_tissue_B"	"primary15"	"SSC/23-105334B1"	"SSc-ILD vs HC"	0.0299856134883741	TRUE	-0.323487726939086	TRUE	0.35347334042746	1.09269474849048
"Memory_tissue_B"	"primary15"	"SSC/23-105334B1"	"IPF vs HC"	0.534065878104489	TRUE	0.359320628059411	FALSE	0.174745250045077	0.486321230675865
"Memory_tissue_B"	"primary15"	"SSC/23-105334B1"	"SSc-ILD vs IPF"	-0.504080264616114	TRUE	-0.682808354998497	FALSE	0.178728090382383	0.261754398688891
"Memory_tissue_B"	"primary15"	"SSC/24-1-18170A2"	"SSc-ILD vs HC"	NA	FALSE	-0.323487726939086	FALSE	NA	NA
"Memory_tissue_B"	"primary15"	"SSC/24-1-18170A2"	"IPF vs HC"	NA	FALSE	0.359320628059411	FALSE	NA	NA
"Memory_tissue_B"	"primary15"	"SSC/24-1-18170A2"	"SSc-ILD vs IPF"	NA	FALSE	-0.682808354998497	FALSE	NA	NA
"Memory_tissue_B"	"primary15"	"SSC/FO20-I-08293B1"	"SSc-ILD vs HC"	-0.474199923561925	TRUE	-0.323487726939086	FALSE	0.150712196622839	0.465897726782133
"Memory_tissue_B"	"primary15"	"SSC/FO20-I-08293B1"	"IPF vs HC"	0.477992454073109	TRUE	0.359320628059411	FALSE	0.118671826013698	0.330267223049816
"Memory_tissue_B"	"primary15"	"SSC/FO20-I-08293B1"	"SSc-ILD vs IPF"	-0.952192377635034	TRUE	-0.682808354998497	FALSE	0.269384022636537	0.394523618032076
"Memory_tissue_B"	"primary15"	"SSC/FO21-1-01756B1"	"SSc-ILD vs HC"	-0.384131530919341	TRUE	-0.323487726939086	FALSE	0.0606438039802546	0.187468639240443
"Memory_tissue_B"	"primary15"	"SSC/FO21-1-01756B1"	"IPF vs HC"	0.362511161972492	TRUE	0.359320628059411	FALSE	0.00319053391308105	0.0088793508191061
"Memory_tissue_B"	"primary15"	"SSC/FO21-1-01756B1"	"SSc-ILD vs IPF"	-0.746642692891833	TRUE	-0.682808354998497	FALSE	0.0638343378933357	0.0934879273606373
"Mature_B_core"	"j2_l3_only13"	"HC/NL-55"	"SSc-ILD vs HC"	0.435920568304135	TRUE	0.250903406916857	FALSE	0.185017161387278	0.737403942261283
"Mature_B_core"	"j2_l3_only13"	"HC/NL-55"	"IPF vs HC"	1.56440076352204	TRUE	1.39124430295297	FALSE	0.173156460569073	0.124461577453752
"Mature_B_core"	"j2_l3_only13"	"HC/NL-55"	"SSc-ILD vs IPF"	-1.12848019521791	TRUE	-1.14034089603611	FALSE	0.0118607008182052	0.0104010132929843
"Mature_B_core"	"j2_l3_only13"	"HC/NL-63"	"SSc-ILD vs HC"	-0.0253474203136481	TRUE	0.250903406916857	TRUE	0.276250827230506	1.10102461590746
"Mature_B_core"	"j2_l3_only13"	"HC/NL-63"	"IPF vs HC"	1.08755770898001	TRUE	1.39124430295297	FALSE	0.303686593972954	0.218284159962681
"Mature_B_core"	"j2_l3_only13"	"HC/NL-63"	"SSc-ILD vs IPF"	-1.11290512929366	TRUE	-1.14034089603611	FALSE	0.0274357667424485	0.0240592675732466
"Mature_B_core"	"j2_l3_only13"	"HC/NL-72"	"SSc-ILD vs HC"	0.208008559861584	TRUE	0.250903406916857	FALSE	0.0428948470552735	0.170961596665316
"Mature_B_core"	"j2_l3_only13"	"HC/NL-72"	"IPF vs HC"	1.35131518517021	TRUE	1.39124430295297	FALSE	0.0399291177827594	0.0287002920321099
"Mature_B_core"	"j2_l3_only13"	"HC/NL-72"	"SSc-ILD vs IPF"	-1.14330662530862	TRUE	-1.14034089603611	FALSE	0.00296572927251404	0.00260073920248154
"Mature_B_core"	"j2_l3_only13"	"IPF/FO23-1-03100"	"SSc-ILD vs HC"	0.29025248080425	TRUE	0.250903406916857	FALSE	0.0393490738873926	0.156829571869591
"Mature_B_core"	"j2_l3_only13"	"IPF/FO23-1-03100"	"IPF vs HC"	1.86150580151611	TRUE	1.39124430295297	FALSE	0.47026149856314	0.3380150398927
"Mature_B_core"	"j2_l3_only13"	"IPF/FO23-1-03100"	"SSc-ILD vs IPF"	-1.57125332071186	TRUE	-1.14034089603611	FALSE	0.430912424675747	0.377880356807007
"Mature_B_core"	"j2_l3_only13"	"IPF/FO23-1-06168"	"SSc-ILD vs HC"	0.301393193885903	TRUE	0.250903406916857	FALSE	0.0504897869690451	0.201231970460154
"Mature_B_core"	"j2_l3_only13"	"IPF/FO23-1-06168"	"IPF vs HC"	1.05712218089849	TRUE	1.39124430295297	FALSE	0.33412212205448	0.240160639900047
"Mature_B_core"	"j2_l3_only13"	"IPF/FO23-1-06168"	"SSc-ILD vs IPF"	-0.755728987012586	TRUE	-1.14034089603611	FALSE	0.384611909023525	0.337278010777705
"Mature_B_core"	"j2_l3_only13"	"IPF/FO23-1-06170"	"SSc-ILD vs HC"	0.213374645174683	TRUE	0.250903406916857	FALSE	0.0375287617421744	0.149574540271629
"Mature_B_core"	"j2_l3_only13"	"IPF/FO23-1-06170"	"IPF vs HC"	1.59642099774877	TRUE	1.39124430295297	FALSE	0.205176694795806	0.147477114091544
"Mature_B_core"	"j2_l3_only13"	"IPF/FO23-1-06170"	"SSc-ILD vs IPF"	-1.38304635257409	TRUE	-1.14034089603611	FALSE	0.24270545653798	0.212835878623347
"Mature_B_core"	"j2_l3_only13"	"IPF/FO23-1-09473"	"SSc-ILD vs HC"	0.194566271373739	TRUE	0.250903406916857	FALSE	0.0563371355431189	0.224537148520217
"Mature_B_core"	"j2_l3_only13"	"IPF/FO23-1-09473"	"IPF vs HC"	1.02739413394473	TRUE	1.39124430295297	FALSE	0.363850169008235	0.261528595830329
"Mature_B_core"	"j2_l3_only13"	"IPF/FO23-1-09473"	"SSc-ILD vs IPF"	-0.832827862570994	TRUE	-1.14034089603611	FALSE	0.307513033465116	0.269667635821928
"Mature_B_core"	"j2_l3_only13"	"SSC/05957/17B"	"SSc-ILD vs HC"	0.265785002831221	TRUE	0.250903406916857	FALSE	0.0148815959143632	0.0593120519853865
"Mature_B_core"	"j2_l3_only13"	"SSC/05957/17B"	"IPF vs HC"	0.830576241745363	TRUE	1.39124430295297	FALSE	0.560668061207606	0.402997561260497
"Mature_B_core"	"j2_l3_only13"	"SSC/05957/17B"	"SSc-ILD vs IPF"	-0.564791238914142	TRUE	-1.14034089603611	FALSE	0.575549657121969	0.504717193887032
"Mature_B_core"	"j2_l3_only13"	"SSC/07998/15A"	"SSc-ILD vs HC"	0.186419403892083	TRUE	0.250903406916857	FALSE	0.0644840030247744	0.257007283468824
"Mature_B_core"	"j2_l3_only13"	"SSC/07998/15A"	"IPF vs HC"	1.39554026962863	TRUE	1.39124430295297	FALSE	0.00429596667566479	0.00308785931165823
"Mature_B_core"	"j2_l3_only13"	"SSC/07998/15A"	"SSc-ILD vs IPF"	-1.20912086573655	TRUE	-1.14034089603611	FALSE	0.0687799697004392	0.0603152705822638
"Mature_B_core"	"j2_l3_only13"	"SSC/15491/14"	"SSc-ILD vs HC"	0.0881148448117494	TRUE	0.250903406916857	FALSE	0.162788562105108	0.648809691767365
"Mature_B_core"	"j2_l3_only13"	"SSC/15491/14"	"IPF vs HC"	1.31466966032554	TRUE	1.39124430295297	FALSE	0.0765746426274268	0.055040399780897
"Mature_B_core"	"j2_l3_only13"	"SSC/15491/14"	"SSc-ILD vs IPF"	-1.22655481551379	TRUE	-1.14034089603611	FALSE	0.0862139194776814	0.0756036372784365
"Mature_B_core"	"j2_l3_only13"	"SSC/23-105334B1"	"SSc-ILD vs HC"	0.875404980858844	TRUE	0.250903406916857	FALSE	0.624501573941987	2.48901193338092
"Mature_B_core"	"j2_l3_only13"	"SSC/23-105334B1"	"IPF vs HC"	1.75825162653316	TRUE	1.39124430295297	FALSE	0.367007323580195	0.263797898615799
"Mature_B_core"	"j2_l3_only13"	"SSC/23-105334B1"	"SSc-ILD vs IPF"	-0.882846645674319	TRUE	-1.14034089603611	FALSE	0.257494250361792	0.225804626718954
"Mature_B_core"	"j2_l3_only13"	"SSC/FO20-I-08293B1"	"SSc-ILD vs HC"	-0.0806663083874207	TRUE	0.250903406916857	TRUE	0.331569715304278	1.32150343982436
"Mature_B_core"	"j2_l3_only13"	"SSC/FO20-I-08293B1"	"IPF vs HC"	1.59737744613611	TRUE	1.39124430295297	FALSE	0.206133143183137	0.148164591039555
"Mature_B_core"	"j2_l3_only13"	"SSC/FO20-I-08293B1"	"SSc-ILD vs IPF"	-1.67804375452353	TRUE	-1.14034089603611	FALSE	0.537702858487415	0.471528172282956
"Mature_B_core"	"j2_l3_only13"	"SSC/FO21-1-01756B1"	"SSc-ILD vs HC"	0.317231956326908	TRUE	0.250903406916857	FALSE	0.0663285494100503	0.26435890299421
"Mature_B_core"	"j2_l3_only13"	"SSC/FO21-1-01756B1"	"IPF vs HC"	1.4006960427599	TRUE	1.39124430295297	FALSE	0.00945173980692782	0.00679373118500191
"Mature_B_core"	"j2_l3_only13"	"SSC/FO21-1-01756B1"	"SSc-ILD vs IPF"	-1.08346408643299	TRUE	-1.14034089603611	FALSE	0.0568768096031225	0.0498770234417002
"ILD_plasma_cell"	"j2_l3_only13"	"HC/NL-55"	"SSc-ILD vs HC"	-0.410443281478599	TRUE	-0.353588216935897	FALSE	0.0568550645427025	0.160794567860303
"ILD_plasma_cell"	"j2_l3_only13"	"HC/NL-55"	"IPF vs HC"	0.256670796128183	TRUE	0.309881112770286	FALSE	0.0532103166421033	0.171712035517144
"ILD_plasma_cell"	"j2_l3_only13"	"HC/NL-55"	"SSc-ILD vs IPF"	-0.667114077606782	TRUE	-0.663469329706183	FALSE	0.00364474790059921	0.00549346855598176
"ILD_plasma_cell"	"j2_l3_only13"	"HC/NL-63"	"SSc-ILD vs HC"	-0.29631086041757	TRUE	-0.353588216935897	FALSE	0.0572773565183268	0.161988872295229
"ILD_plasma_cell"	"j2_l3_only13"	"HC/NL-63"	"IPF vs HC"	0.372846952500825	TRUE	0.309881112770286	FALSE	0.062965839730539	0.203193538217398
"ILD_plasma_cell"	"j2_l3_only13"	"HC/NL-63"	"SSc-ILD vs IPF"	-0.669157812918395	TRUE	-0.663469329706183	FALSE	0.00568848321221216	0.00857384502570948
"ILD_plasma_cell"	"j2_l3_only13"	"HC/NL-72"	"SSc-ILD vs HC"	-0.317994200052205	TRUE	-0.353588216935897	FALSE	0.0355940168836919	0.100665166933843
"ILD_plasma_cell"	"j2_l3_only13"	"HC/NL-72"	"IPF vs HC"	0.343014176298386	TRUE	0.309881112770286	FALSE	0.0331330635280998	0.106921855391236
"ILD_plasma_cell"	"j2_l3_only13"	"HC/NL-72"	"SSc-ILD vs IPF"	-0.661008376350591	TRUE	-0.663469329706183	FALSE	0.00246095335559204	0.00370921947014774
"ILD_plasma_cell"	"j2_l3_only13"	"IPF/FO23-1-03100"	"SSc-ILD vs HC"	-0.302910833625978	TRUE	-0.353588216935897	FALSE	0.0506773833099184	0.143323167692282
"ILD_plasma_cell"	"j2_l3_only13"	"IPF/FO23-1-03100"	"IPF vs HC"	0.915527443527295	TRUE	0.309881112770286	FALSE	0.605646330757009	1.9544473857817
"ILD_plasma_cell"	"j2_l3_only13"	"IPF/FO23-1-03100"	"SSc-ILD vs IPF"	-1.21843827715327	TRUE	-0.663469329706183	FALSE	0.554968947447091	0.836465112400687
"ILD_plasma_cell"	"j2_l3_only13"	"IPF/FO23-1-06168"	"SSc-ILD vs HC"	-0.33853174086673	TRUE	-0.353588216935897	FALSE	0.015056476069167	0.042581950834342
"ILD_plasma_cell"	"j2_l3_only13"	"IPF/FO23-1-06168"	"IPF vs HC"	0.210243106019022	TRUE	0.309881112770286	FALSE	0.0996380067512634	0.321536236463449
"ILD_plasma_cell"	"j2_l3_only13"	"IPF/FO23-1-06168"	"SSc-ILD vs IPF"	-0.548774846885752	TRUE	-0.663469329706183	FALSE	0.11469448282043	0.172870813593181
"ILD_plasma_cell"	"j2_l3_only13"	"IPF/FO23-1-06170"	"SSc-ILD vs HC"	-0.372605743196621	TRUE	-0.353588216935897	FALSE	0.0190175262607244	0.0537843891561922
"ILD_plasma_cell"	"j2_l3_only13"	"IPF/FO23-1-06170"	"IPF vs HC"	0.413853452923016	TRUE	0.309881112770286	FALSE	0.10397234015273	0.335523321260965
"ILD_plasma_cell"	"j2_l3_only13"	"IPF/FO23-1-06170"	"SSc-ILD vs IPF"	-0.786459196119637	TRUE	-0.663469329706183	FALSE	0.122989866413454	0.185373853630763
"ILD_plasma_cell"	"j2_l3_only13"	"IPF/FO23-1-09473"	"SSc-ILD vs HC"	-0.4630956042609	TRUE	-0.353588216935897	FALSE	0.109507387325003	0.309703157740847
"ILD_plasma_cell"	"j2_l3_only13"	"IPF/FO23-1-09473"	"IPF vs HC"	-0.397366087530685	TRUE	0.309881112770286	TRUE	0.70724720030097	2.28231786693386
"ILD_plasma_cell"	"j2_l3_only13"	"IPF/FO23-1-09473"	"SSc-ILD vs IPF"	-0.0657295167302149	TRUE	-0.663469329706183	FALSE	0.597739812975968	0.900930587463141
"ILD_plasma_cell"	"j2_l3_only13"	"SSC/05957/17B"	"SSc-ILD vs HC"	-0.339921414764093	TRUE	-0.353588216935897	FALSE	0.0136668021718037	0.0386517466284274
"ILD_plasma_cell"	"j2_l3_only13"	"SSC/05957/17B"	"IPF vs HC"	-0.205019272959178	TRUE	0.309881112770286	TRUE	0.514900385729464	1.66160622416236
"ILD_plasma_cell"	"j2_l3_only13"	"SSC/05957/17B"	"SSc-ILD vs IPF"	-0.134902141804915	TRUE	-0.663469329706183	FALSE	0.528567187901268	0.796671623291681
"ILD_plasma_cell"	"j2_l3_only13"	"SSC/07998/15A"	"SSc-ILD vs HC"	-0.419516949982714	TRUE	-0.353588216935897	FALSE	0.0659287330468177	0.186456250205787
"ILD_plasma_cell"	"j2_l3_only13"	"SSC/07998/15A"	"IPF vs HC"	0.314273328309832	TRUE	0.309881112770286	FALSE	0.00439221553954644	0.0141738730065888
"ILD_plasma_cell"	"j2_l3_only13"	"SSC/07998/15A"	"SSc-ILD vs IPF"	-0.733790278292547	TRUE	-0.663469329706183	FALSE	0.0703209485863642	0.10598975029864
"ILD_plasma_cell"	"j2_l3_only13"	"SSC/15491/14"	"SSc-ILD vs HC"	-0.592686166161638	TRUE	-0.353588216935897	FALSE	0.239097949225741	0.676204516365679
"ILD_plasma_cell"	"j2_l3_only13"	"SSC/15491/14"	"IPF vs HC"	0.19741104866903	TRUE	0.309881112770286	FALSE	0.112470064101255	0.362945850735438
"ILD_plasma_cell"	"j2_l3_only13"	"SSC/15491/14"	"SSc-ILD vs IPF"	-0.790097214830668	TRUE	-0.663469329706183	FALSE	0.126627885124485	0.190857179759255
"ILD_plasma_cell"	"j2_l3_only13"	"SSC/23-105334B1"	"SSc-ILD vs HC"	0.427727433388866	TRUE	-0.353588216935897	TRUE	0.781315650324763	2.20967671687547
"ILD_plasma_cell"	"j2_l3_only13"	"SSC/23-105334B1"	"IPF vs HC"	0.769044992673725	TRUE	0.309881112770286	FALSE	0.45916387990344	1.48174206487963
"ILD_plasma_cell"	"j2_l3_only13"	"SSC/23-105334B1"	"SSc-ILD vs IPF"	-0.341317559284859	TRUE	-0.663469329706183	FALSE	0.322151770421323	0.485556386704399
"ILD_plasma_cell"	"j2_l3_only13"	"SSC/FO20-I-08293B1"	"SSc-ILD vs HC"	-0.539367194246289	TRUE	-0.353588216935897	FALSE	0.185778977310393	0.525410543711849
"ILD_plasma_cell"	"j2_l3_only13"	"SSC/FO20-I-08293B1"	"IPF vs HC"	0.425377802494188	TRUE	0.309881112770286	FALSE	0.115496689723902	0.372712904931122
"ILD_plasma_cell"	"j2_l3_only13"	"SSC/FO20-I-08293B1"	"SSc-ILD vs IPF"	-0.964744996740477	TRUE	-0.663469329706183	FALSE	0.301275667034294	0.454091325016809
"ILD_plasma_cell"	"j2_l3_only13"	"SSC/FO21-1-01756B1"	"SSc-ILD vs HC"	-0.49418411121789	TRUE	-0.353588216935897	FALSE	0.140595894281993	0.397626073347016
"ILD_plasma_cell"	"j2_l3_only13"	"SSC/FO21-1-01756B1"	"IPF vs HC"	0.289846364196806	TRUE	0.309881112770286	FALSE	0.0200347485734797	0.0646530161014731
"ILD_plasma_cell"	"j2_l3_only13"	"SSC/FO21-1-01756B1"	"SSc-ILD vs IPF"	-0.784030475414696	TRUE	-0.663469329706183	FALSE	0.120561145708514	0.181713216136011
"IgA_mucosal_plasma"	"j2_l3_only13"	"HC/NL-55"	"SSc-ILD vs HC"	-0.260646888774754	TRUE	-0.0285748839426175	FALSE	0.232072004832137	8.12153796663432
"IgA_mucosal_plasma"	"j2_l3_only13"	"HC/NL-55"	"IPF vs HC"	-0.0852813975805678	TRUE	0.131913411012275	TRUE	0.217194808592843	1.64649527994263
"IgA_mucosal_plasma"	"j2_l3_only13"	"HC/NL-55"	"SSc-ILD vs IPF"	-0.175365491194187	TRUE	-0.160488294954892	FALSE	0.0148771962392942	0.0926995719125539
"IgA_mucosal_plasma"	"j2_l3_only13"	"HC/NL-63"	"SSc-ILD vs HC"	0.159799521513826	TRUE	-0.0285748839426175	TRUE	0.188374405456443	6.59230693061524
"IgA_mucosal_plasma"	"j2_l3_only13"	"HC/NL-63"	"IPF vs HC"	0.338996163155541	TRUE	0.131913411012275	FALSE	0.207082752143266	1.56983850659427
"IgA_mucosal_plasma"	"j2_l3_only13"	"HC/NL-63"	"SSc-ILD vs IPF"	-0.179196641641715	TRUE	-0.160488294954892	FALSE	0.0187083466868224	0.116571409099216
"IgA_mucosal_plasma"	"j2_l3_only13"	"HC/NL-72"	"SSc-ILD vs HC"	0.153579823310494	TRUE	-0.0285748839426175	TRUE	0.182154707253112	6.37464381723841
"IgA_mucosal_plasma"	"j2_l3_only13"	"HC/NL-72"	"IPF vs HC"	0.301474028659927	TRUE	0.131913411012275	FALSE	0.169560617647652	1.2853933223808
"IgA_mucosal_plasma"	"j2_l3_only13"	"HC/NL-72"	"SSc-ILD vs IPF"	-0.147894205349433	TRUE	-0.160488294954892	FALSE	0.0125940896054595	0.0784735709791127
"IgA_mucosal_plasma"	"j2_l3_only13"	"IPF/FO23-1-03100"	"SSc-ILD vs HC"	0.0115789531524338	TRUE	-0.0285748839426175	TRUE	0.0401538370950513	1.40521435452498
"IgA_mucosal_plasma"	"j2_l3_only13"	"IPF/FO23-1-03100"	"IPF vs HC"	0.61179264932475	TRUE	0.131913411012275	FALSE	0.479879238312475	3.63783511191157
"IgA_mucosal_plasma"	"j2_l3_only13"	"IPF/FO23-1-03100"	"SSc-ILD vs IPF"	-0.600213696172316	TRUE	-0.160488294954892	FALSE	0.439725401217424	2.73992194471887
"IgA_mucosal_plasma"	"j2_l3_only13"	"IPF/FO23-1-06168"	"SSc-ILD vs HC"	-0.0440213287669263	TRUE	-0.0285748839426175	FALSE	0.0154464448243088	0.540560194586532
"IgA_mucosal_plasma"	"j2_l3_only13"	"IPF/FO23-1-06168"	"IPF vs HC"	0.234132082009281	TRUE	0.131913411012275	FALSE	0.102218670997006	0.774892182778098
"IgA_mucosal_plasma"	"j2_l3_only13"	"IPF/FO23-1-06168"	"SSc-ILD vs IPF"	-0.278153410776207	TRUE	-0.160488294954892	FALSE	0.117665115821315	0.73316945546955
"IgA_mucosal_plasma"	"j2_l3_only13"	"IPF/FO23-1-06170"	"SSc-ILD vs HC"	-0.0391654459873087	TRUE	-0.0285748839426175	FALSE	0.0105905620446913	0.370624848939322
"IgA_mucosal_plasma"	"j2_l3_only13"	"IPF/FO23-1-06170"	"IPF vs HC"	0.189813976218452	TRUE	0.131913411012275	FALSE	0.0579005652061771	0.43892857262852
"IgA_mucosal_plasma"	"j2_l3_only13"	"IPF/FO23-1-06170"	"SSc-ILD vs IPF"	-0.228979422205761	TRUE	-0.160488294954892	FALSE	0.0684911272508683	0.426767118873802
"IgA_mucosal_plasma"	"j2_l3_only13"	"IPF/FO23-1-09473"	"SSc-ILD vs HC"	-0.150292971257593	TRUE	-0.0285748839426175	FALSE	0.121718087314975	4.25961790638951
"IgA_mucosal_plasma"	"j2_l3_only13"	"IPF/FO23-1-09473"	"IPF vs HC"	-0.654195897065862	TRUE	0.131913411012275	TRUE	0.786109308078137	5.95928269950496
"IgA_mucosal_plasma"	"j2_l3_only13"	"IPF/FO23-1-09473"	"SSc-ILD vs IPF"	0.503902925808269	TRUE	-0.160488294954892	TRUE	0.664391220763161	4.13981107438333
"IgA_mucosal_plasma"	"j2_l3_only13"	"SSC/05957/17B"	"SSc-ILD vs HC"	-0.0117052028123014	TRUE	-0.0285748839426175	FALSE	0.0168696811303161	0.590367441708349
"IgA_mucosal_plasma"	"j2_l3_only13"	"SSC/05957/17B"	"IPF vs HC"	-0.503656286415314	TRUE	0.131913411012275	TRUE	0.635569697427589	4.81808250238065
"IgA_mucosal_plasma"	"j2_l3_only13"	"SSC/05957/17B"	"SSc-ILD vs IPF"	0.491951083603012	TRUE	-0.160488294954892	TRUE	0.652439378557905	4.06533933668672
"IgA_mucosal_plasma"	"j2_l3_only13"	"SSC/07998/15A"	"SSc-ILD vs HC"	-0.0568143118901162	TRUE	-0.0285748839426175	FALSE	0.0282394279474987	0.988260459927243
"IgA_mucosal_plasma"	"j2_l3_only13"	"SSC/07998/15A"	"IPF vs HC"	0.133794740267773	TRUE	0.131913411012275	FALSE	0.00188132925549797	0.0142618498078479
"IgA_mucosal_plasma"	"j2_l3_only13"	"SSC/07998/15A"	"SSc-ILD vs IPF"	-0.190609052157889	TRUE	-0.160488294954892	FALSE	0.0301207572029967	0.187681956565509
"IgA_mucosal_plasma"	"j2_l3_only13"	"SSC/15491/14"	"SSc-ILD vs HC"	-0.532770538095848	TRUE	-0.0285748839426175	FALSE	0.504195654153231	17.6447139790919
"IgA_mucosal_plasma"	"j2_l3_only13"	"SSC/15491/14"	"IPF vs HC"	-0.105256827067226	TRUE	0.131913411012275	TRUE	0.237170238079501	1.79792362474374
"IgA_mucosal_plasma"	"j2_l3_only13"	"SSC/15491/14"	"SSc-ILD vs IPF"	-0.427513711028622	TRUE	-0.160488294954892	FALSE	0.26702541607373	1.6638310983912
"IgA_mucosal_plasma"	"j2_l3_only13"	"SSC/23-105334B1"	"SSc-ILD vs HC"	1.0983377131649	TRUE	-0.0285748839426175	TRUE	1.12691259710752	39.4371714464537
"IgA_mucosal_plasma"	"j2_l3_only13"	"SSC/23-105334B1"	"IPF vs HC"	0.794177836644693	TRUE	0.131913411012275	FALSE	0.662264425632418	5.02044803898516
"IgA_mucosal_plasma"	"j2_l3_only13"	"SSC/23-105334B1"	"SSc-ILD vs IPF"	0.30415987652021	TRUE	-0.160488294954892	TRUE	0.464648171475102	2.89521532773277
"IgA_mucosal_plasma"	"j2_l3_only13"	"SSC/FO20-I-08293B1"	"SSc-ILD vs HC"	-0.243081736993797	TRUE	-0.0285748839426175	FALSE	0.21450685305118	7.50683199560638
"IgA_mucosal_plasma"	"j2_l3_only13"	"SSC/FO20-I-08293B1"	"IPF vs HC"	0.265269896278681	TRUE	0.131913411012275	FALSE	0.133356485266406	1.01093955681274
"IgA_mucosal_plasma"	"j2_l3_only13"	"SSC/FO20-I-08293B1"	"SSc-ILD vs IPF"	-0.508351633272478	TRUE	-0.160488294954892	FALSE	0.347863338317586	2.16753089946752
"IgA_mucosal_plasma"	"j2_l3_only13"	"SSC/FO21-1-01756B1"	"SSc-ILD vs HC"	-0.235326584903563	TRUE	-0.0285748839426175	FALSE	0.206751700960946	7.23543449471688
"IgA_mucosal_plasma"	"j2_l3_only13"	"SSC/FO21-1-01756B1"	"IPF vs HC"	0.102451538266655	TRUE	0.131913411012275	FALSE	0.0294618727456195	0.223342513240583
"IgA_mucosal_plasma"	"j2_l3_only13"	"SSC/FO21-1-01756B1"	"SSc-ILD vs IPF"	-0.337778123170219	TRUE	-0.160488294954892	FALSE	0.177289828215326	1.10469008512525
"GC_activated_B"	"j2_l3_only13"	"HC/NL-55"	"SSc-ILD vs HC"	-0.59519312747494	TRUE	-0.711140367541329	FALSE	0.115947240066389	0.163044098406706
"GC_activated_B"	"j2_l3_only13"	"HC/NL-55"	"IPF vs HC"	0.16310889014223	TRUE	0.0545945580007747	FALSE	0.108514332141456	1.98764008932751
"GC_activated_B"	"j2_l3_only13"	"HC/NL-55"	"SSc-ILD vs IPF"	-0.75830201761717	TRUE	-0.765734925542104	FALSE	0.00743290792493367	0.00970689422279065
"GC_activated_B"	"j2_l3_only13"	"HC/NL-63"	"SSc-ILD vs HC"	-0.983357180169314	TRUE	-0.711140367541329	FALSE	0.272216812627985	0.382789144102644
"GC_activated_B"	"j2_l3_only13"	"HC/NL-63"	"IPF vs HC"	-0.244657384438432	TRUE	0.0545945580007747	TRUE	0.299251942439207	5.48135113457573
"GC_activated_B"	"j2_l3_only13"	"HC/NL-63"	"SSc-ILD vs IPF"	-0.738699795730882	TRUE	-0.765734925542104	FALSE	0.0270351298112215	0.0353061208382025
"GC_activated_B"	"j2_l3_only13"	"HC/NL-72"	"SSc-ILD vs HC"	-0.657591021388117	TRUE	-0.711140367541329	FALSE	0.0535493461532118	0.0753006700187073
"GC_activated_B"	"j2_l3_only13"	"HC/NL-72"	"IPF vs HC"	0.104441527894063	TRUE	0.0545945580007747	FALSE	0.0498469698932886	0.913039169445813
"GC_activated_B"	"j2_l3_only13"	"HC/NL-72"	"SSc-ILD vs IPF"	-0.76203254928218	TRUE	-0.765734925542104	FALSE	0.0037023762599232	0.00483506254765916
"GC_activated_B"	"j2_l3_only13"	"IPF/FO23-1-03100"	"SSc-ILD vs HC"	-0.681519350987186	TRUE	-0.711140367541329	FALSE	0.029621016554143	0.041652840854125
"GC_activated_B"	"j2_l3_only13"	"IPF/FO23-1-03100"	"IPF vs HC"	0.408595866229283	TRUE	0.0545945580007747	FALSE	0.354001308228509	6.48418672468208
"GC_activated_B"	"j2_l3_only13"	"IPF/FO23-1-03100"	"SSc-ILD vs IPF"	-1.09011521721647	TRUE	-0.765734925542104	FALSE	0.324380291674366	0.423619559268137
"GC_activated_B"	"j2_l3_only13"	"IPF/FO23-1-06168"	"SSc-ILD vs HC"	-0.68073567092064	TRUE	-0.711140367541329	FALSE	0.0304046966206891	0.0427548456091857
"GC_activated_B"	"j2_l3_only13"	"IPF/FO23-1-06168"	"IPF vs HC"	-0.146612109033834	TRUE	0.0545945580007747	TRUE	0.201206667034608	3.68547112391227
"GC_activated_B"	"j2_l3_only13"	"IPF/FO23-1-06168"	"SSc-ILD vs IPF"	-0.534123561886806	TRUE	-0.765734925542104	FALSE	0.231611363655297	0.302469374100088
"GC_activated_B"	"j2_l3_only13"	"IPF/FO23-1-06170"	"SSc-ILD vs HC"	-0.801103951334723	TRUE	-0.711140367541329	FALSE	0.0899635837933942	0.126506085014455
"GC_activated_B"	"j2_l3_only13"	"IPF/FO23-1-06170"	"IPF vs HC"	0.546442141502711	TRUE	0.0545945580007747	FALSE	0.491847583501936	9.00909543942012
"GC_activated_B"	"j2_l3_only13"	"IPF/FO23-1-06170"	"SSc-ILD vs IPF"	-1.34754609283743	TRUE	-0.765734925542104	FALSE	0.581811167295331	0.759807536378775
"GC_activated_B"	"j2_l3_only13"	"IPF/FO23-1-09473"	"SSc-ILD vs HC"	-0.843187695738611	TRUE	-0.711140367541329	FALSE	0.132047328197282	0.185683915896685
"GC_activated_B"	"j2_l3_only13"	"IPF/FO23-1-09473"	"IPF vs HC"	-0.798225561774144	TRUE	0.0545945580007747	TRUE	0.852820119774919	15.6209730604068
"GC_activated_B"	"j2_l3_only13"	"IPF/FO23-1-09473"	"SSc-ILD vs IPF"	-0.0449621339644671	TRUE	-0.765734925542104	FALSE	0.720772791577637	0.941282377929104
"GC_activated_B"	"j2_l3_only13"	"SSC/05957/17B"	"SSc-ILD vs HC"	-0.703724509951711	TRUE	-0.711140367541329	FALSE	0.00741585758961827	0.0104281207031709
"GC_activated_B"	"j2_l3_only13"	"SSC/05957/17B"	"IPF vs HC"	-0.224799837660122	TRUE	0.0545945580007747	TRUE	0.279394395660896	5.11762354879642
"GC_activated_B"	"j2_l3_only13"	"SSC/05957/17B"	"SSc-ILD vs IPF"	-0.478924672291589	TRUE	-0.765734925542104	FALSE	0.286810253250515	0.374555533101049
"GC_activated_B"	"j2_l3_only13"	"SSC/07998/15A"	"SSc-ILD vs HC"	-0.925630542255	TRUE	-0.711140367541329	FALSE	0.214490174713671	0.301614399215223
"GC_activated_B"	"j2_l3_only13"	"SSC/07998/15A"	"IPF vs HC"	0.0688840344538957	TRUE	0.0545945580007747	FALSE	0.014289476453121	0.261738110470979
"GC_activated_B"	"j2_l3_only13"	"SSC/07998/15A"	"SSc-ILD vs IPF"	-0.994514576708896	TRUE	-0.765734925542104	FALSE	0.228779651166792	0.298771341799288
"GC_activated_B"	"j2_l3_only13"	"SSC/15491/14"	"SSc-ILD vs HC"	-0.84439447180435	TRUE	-0.711140367541329	FALSE	0.133254104263021	0.187380874923089
"GC_activated_B"	"j2_l3_only13"	"SSC/15491/14"	"IPF vs HC"	-0.00808727468222891	TRUE	0.0545945580007747	TRUE	0.0626818326830036	1.14813334842118
"GC_activated_B"	"j2_l3_only13"	"SSC/15491/14"	"SSc-ILD vs IPF"	-0.836307197122121	TRUE	-0.765734925542104	FALSE	0.0705722715800174	0.0921627958004601
"GC_activated_B"	"j2_l3_only13"	"SSC/23-105334B1"	"SSc-ILD vs HC"	0.110349290214137	TRUE	-0.711140367541329	TRUE	0.821489657755466	1.15517230528715
"GC_activated_B"	"j2_l3_only13"	"SSC/23-105334B1"	"IPF vs HC"	0.537367913940543	TRUE	0.0545945580007747	FALSE	0.482773355939768	8.84288422910061
"GC_activated_B"	"j2_l3_only13"	"SSC/23-105334B1"	"SSc-ILD vs IPF"	-0.427018623726406	TRUE	-0.765734925542104	FALSE	0.338716301815697	0.442341455923409
"GC_activated_B"	"j2_l3_only13"	"SSC/FO20-I-08293B1"	"SSc-ILD vs HC"	-0.852404109964628	TRUE	-0.711140367541329	FALSE	0.141263742423299	0.198643965201553
"GC_activated_B"	"j2_l3_only13"	"SSC/FO20-I-08293B1"	"IPF vs HC"	0.142416629497278	TRUE	0.0545945580007747	FALSE	0.0878220714965036	1.60862317990114
"GC_activated_B"	"j2_l3_only13"	"SSC/FO20-I-08293B1"	"SSc-ILD vs IPF"	-0.994820739461906	TRUE	-0.765734925542104	FALSE	0.229085813919803	0.299171170438153
"GC_activated_B"	"j2_l3_only13"	"SSC/FO21-1-01756B1"	"SSc-ILD vs HC"	-0.699784953957039	TRUE	-0.711140367541329	FALSE	0.01135541358429	0.0159678934041529
"GC_activated_B"	"j2_l3_only13"	"SSC/FO21-1-01756B1"	"IPF vs HC"	0.056212691000118	TRUE	0.0545945580007747	FALSE	0.00161813299934335	0.0296390896565256
"GC_activated_B"	"j2_l3_only13"	"SSC/FO21-1-01756B1"	"SSc-ILD vs IPF"	-0.755997644957157	TRUE	-0.765734925542104	FALSE	0.00973728058494672	0.012716255012207
"Naive_B"	"j2_l3_only13"	"HC/NL-55"	"SSc-ILD vs HC"	-0.851611049039457	TRUE	-0.5196647345411	FALSE	0.331946314498357	0.638770138580769
"Naive_B"	"j2_l3_only13"	"HC/NL-55"	"IPF vs HC"	-0.336305427897325	TRUE	-0.0256388470974574	FALSE	0.310666580799868	12.1170261525011
"Naive_B"	"j2_l3_only13"	"HC/NL-55"	"SSc-ILD vs IPF"	-0.515305621142132	TRUE	-0.494025887443643	FALSE	0.0212797336984897	0.043074126760042
"Naive_B"	"j2_l3_only13"	"HC/NL-63"	"SSc-ILD vs HC"	-0.413920268997426	TRUE	-0.5196647345411	FALSE	0.105744465543674	0.20348593721114
"Naive_B"	"j2_l3_only13"	"HC/NL-63"	"IPF vs HC"	0.0906075978250504	TRUE	-0.0256388470974574	TRUE	0.116246444922508	4.53399657483179
"Naive_B"	"j2_l3_only13"	"HC/NL-63"	"SSc-ILD vs IPF"	-0.504527866822477	TRUE	-0.494025887443643	FALSE	0.0105019793788339	0.0212579535723863
"Naive_B"	"j2_l3_only13"	"HC/NL-72"	"SSc-ILD vs HC"	-0.126251372085138	TRUE	-0.5196647345411	FALSE	0.393413362455962	0.757052261403448
"Naive_B"	"j2_l3_only13"	"HC/NL-72"	"IPF vs HC"	0.340574103063528	TRUE	-0.0256388470974574	TRUE	0.366212950160986	14.2835186297165
"Naive_B"	"j2_l3_only13"	"HC/NL-72"	"SSc-ILD vs IPF"	-0.466825475148666	TRUE	-0.494025887443643	FALSE	0.0272004122949766	0.0550586780699414
"Naive_B"	"j2_l3_only13"	"IPF/FO23-1-03100"	"SSc-ILD vs HC"	-0.508601231637696	TRUE	-0.5196647345411	FALSE	0.0110635029034041	0.0212896934658726
"Naive_B"	"j2_l3_only13"	"IPF/FO23-1-03100"	"IPF vs HC"	0.106581277564235	TRUE	-0.0256388470974574	TRUE	0.132220124661692	5.15702301897982
"Naive_B"	"j2_l3_only13"	"IPF/FO23-1-03100"	"SSc-ILD vs IPF"	-0.615182509201931	TRUE	-0.494025887443643	FALSE	0.121156621758288	0.245243467675789
"Naive_B"	"j2_l3_only13"	"IPF/FO23-1-06168"	"SSc-ILD vs HC"	-0.485662542059151	TRUE	-0.5196647345411	FALSE	0.0340021924819493	0.0654310177733642
"Naive_B"	"j2_l3_only13"	"IPF/FO23-1-06168"	"IPF vs HC"	-0.250652367426686	TRUE	-0.0256388470974574	FALSE	0.225013520329229	8.77627295306673
"Naive_B"	"j2_l3_only13"	"IPF/FO23-1-06168"	"SSc-ILD vs IPF"	-0.235010174632464	TRUE	-0.494025887443643	FALSE	0.259015712811178	0.524295830227573
"Naive_B"	"j2_l3_only13"	"IPF/FO23-1-06170"	"SSc-ILD vs HC"	-0.586790591484739	TRUE	-0.5196647345411	FALSE	0.0671258569436392	0.12917146860642
"Naive_B"	"j2_l3_only13"	"IPF/FO23-1-06170"	"IPF vs HC"	0.341350651720689	TRUE	-0.0256388470974574	TRUE	0.366989498818147	14.3138066007087
"Naive_B"	"j2_l3_only13"	"IPF/FO23-1-06170"	"SSc-ILD vs IPF"	-0.928141243205429	TRUE	-0.494025887443643	FALSE	0.434115355761786	0.878729975079107
"Naive_B"	"j2_l3_only13"	"IPF/FO23-1-09473"	"SSc-ILD vs HC"	-0.577933862562836	TRUE	-0.5196647345411	FALSE	0.0582691280217356	0.112128309174551
"Naive_B"	"j2_l3_only13"	"IPF/FO23-1-09473"	"IPF vs HC"	-0.401966679073223	TRUE	-0.0256388470974574	FALSE	0.376327831975766	14.6780325396568
"Naive_B"	"j2_l3_only13"	"IPF/FO23-1-09473"	"SSc-ILD vs IPF"	-0.175967183489613	TRUE	-0.494025887443643	FALSE	0.31805870395403	0.643809792235459
"Naive_B"	"j2_l3_only13"	"SSC/05957/17B"	"SSc-ILD vs HC"	-0.512206571812896	TRUE	-0.5196647345411	FALSE	0.00745816272820465	0.0143518738765114
"Naive_B"	"j2_l3_only13"	"SSC/05957/17B"	"IPF vs HC"	-0.306627100041515	TRUE	-0.0256388470974574	FALSE	0.280988252944057	10.9594730167068
"Naive_B"	"j2_l3_only13"	"SSC/05957/17B"	"SSc-ILD vs IPF"	-0.205579471771381	TRUE	-0.494025887443643	FALSE	0.288446415672262	0.583869029950717
"Naive_B"	"j2_l3_only13"	"SSC/07998/15A"	"SSc-ILD vs HC"	-0.381885052560189	TRUE	-0.5196647345411	FALSE	0.137779681980912	0.265131868343117
"Naive_B"	"j2_l3_only13"	"SSC/07998/15A"	"IPF vs HC"	-0.034817820092431	TRUE	-0.0256388470974574	FALSE	0.00917897299497356	0.35801036450987
"Naive_B"	"j2_l3_only13"	"SSC/07998/15A"	"SSc-ILD vs IPF"	-0.347067232467758	TRUE	-0.494025887443643	FALSE	0.146958654975885	0.297471567201324
"Naive_B"	"j2_l3_only13"	"SSC/15491/14"	"SSc-ILD vs HC"	-0.952955773731877	TRUE	-0.5196647345411	FALSE	0.433291039190777	0.83378957699218
"Naive_B"	"j2_l3_only13"	"SSC/15491/14"	"IPF vs HC"	-0.229456032105087	TRUE	-0.0256388470974574	FALSE	0.20381718500763	7.94954563412652
"Naive_B"	"j2_l3_only13"	"SSC/15491/14"	"SSc-ILD vs IPF"	-0.72349974162679	TRUE	-0.494025887443643	FALSE	0.229473854183147	0.46449763062128
"Naive_B"	"j2_l3_only13"	"SSC/23-105334B1"	"SSc-ILD vs HC"	0.0689930043653745	TRUE	-0.5196647345411	TRUE	0.588657738906475	1.13276445327063
"Naive_B"	"j2_l3_only13"	"SSC/23-105334B1"	"IPF vs HC"	0.320303757814055	TRUE	-0.0256388470974574	TRUE	0.345942604911513	13.492907992178
"Naive_B"	"j2_l3_only13"	"SSC/23-105334B1"	"SSc-ILD vs IPF"	-0.251310753448681	TRUE	-0.494025887443643	FALSE	0.242715133994962	0.491300436199612
"Naive_B"	"j2_l3_only13"	"SSC/FO20-I-08293B1"	"SSc-ILD vs HC"	-0.701687282414682	TRUE	-0.5196647345411	FALSE	0.182022547873582	0.350269194299515
"Naive_B"	"j2_l3_only13"	"SSC/FO20-I-08293B1"	"IPF vs HC"	0.0875225129168286	TRUE	-0.0256388470974574	TRUE	0.113161360014286	4.41366803991386
"Naive_B"	"j2_l3_only13"	"SSC/FO20-I-08293B1"	"SSc-ILD vs IPF"	-0.789209795331511	TRUE	-0.494025887443643	FALSE	0.295183907887868	0.597506963481832
"Naive_B"	"j2_l3_only13"	"SSC/FO21-1-01756B1"	"SSc-ILD vs HC"	-0.58992415857616	TRUE	-0.5196647345411	FALSE	0.0702594240350601	0.135201446942718
"Naive_B"	"j2_l3_only13"	"SSC/FO21-1-01756B1"	"IPF vs HC"	-0.035650731887186	TRUE	-0.0256388470974574	FALSE	0.0100118847897286	0.390496684647005
"Naive_B"	"j2_l3_only13"	"SSC/FO21-1-01756B1"	"SSc-ILD vs IPF"	-0.554273426688974	TRUE	-0.494025887443643	FALSE	0.0602475392453316	0.121952190718355
"Memory_tissue_B"	"j2_l3_only13"	"HC/NL-55"	"SSc-ILD vs HC"	-0.139356067300422	TRUE	-0.149459243713662	FALSE	0.010103176413241	0.0675982037791979
"Memory_tissue_B"	"j2_l3_only13"	"HC/NL-55"	"IPF vs HC"	0.509164829561926	TRUE	0.499709326866368	FALSE	0.00945550269555823	0.0189220056284577
"Memory_tissue_B"	"j2_l3_only13"	"HC/NL-55"	"SSc-ILD vs IPF"	-0.648520896862347	TRUE	-0.64916857058003	FALSE	0.000647673717682817	0.000997697280852834
"Memory_tissue_B"	"j2_l3_only13"	"HC/NL-63"	"SSc-ILD vs HC"	-0.00296470073584911	TRUE	-0.149459243713662	FALSE	0.146494542977813	0.980163818160829
"Memory_tissue_B"	"j2_l3_only13"	"HC/NL-63"	"IPF vs HC"	0.660752930748266	TRUE	0.499709326866368	FALSE	0.161043603881898	0.322274560876796
"Memory_tissue_B"	"j2_l3_only13"	"HC/NL-63"	"SSc-ILD vs IPF"	-0.663717631484115	TRUE	-0.64916857058003	FALSE	0.0145490609040847	0.0224118381009807
"Memory_tissue_B"	"j2_l3_only13"	"HC/NL-72"	"SSc-ILD vs HC"	-0.282948486379084	TRUE	-0.149459243713662	FALSE	0.133489242665422	0.893148120842654
"Memory_tissue_B"	"j2_l3_only13"	"HC/NL-72"	"IPF vs HC"	0.375449466789215	TRUE	0.499709326866368	FALSE	0.124259860077153	0.248664280205405
"Memory_tissue_B"	"j2_l3_only13"	"HC/NL-72"	"SSc-ILD vs IPF"	-0.658397953168299	TRUE	-0.64916857058003	FALSE	0.00922938258826922	0.0142172357174082
"Memory_tissue_B"	"j2_l3_only13"	"IPF/FO23-1-03100"	"SSc-ILD vs HC"	-0.121406574996283	TRUE	-0.149459243713662	FALSE	0.0280526687173791	0.187694437763402
"Memory_tissue_B"	"j2_l3_only13"	"IPF/FO23-1-03100"	"IPF vs HC"	0.834967281538552	TRUE	0.499709326866368	FALSE	0.335257954672185	0.670905938007116
"Memory_tissue_B"	"j2_l3_only13"	"IPF/FO23-1-03100"	"SSc-ILD vs IPF"	-0.956373856534836	TRUE	-0.64916857058003	FALSE	0.307205285954806	0.473228834353947
"Memory_tissue_B"	"j2_l3_only13"	"IPF/FO23-1-06168"	"SSc-ILD vs HC"	-0.111031901648839	TRUE	-0.149459243713662	FALSE	0.0384273420648237	0.257109169764325
"Memory_tissue_B"	"j2_l3_only13"	"IPF/FO23-1-06168"	"IPF vs HC"	0.245411857093207	TRUE	0.499709326866368	FALSE	0.254297469773161	0.508890781302477
"Memory_tissue_B"	"j2_l3_only13"	"IPF/FO23-1-06168"	"SSc-ILD vs IPF"	-0.356443758742046	TRUE	-0.64916857058003	FALSE	0.292724811837985	0.450922649530669
"Memory_tissue_B"	"j2_l3_only13"	"IPF/FO23-1-06170"	"SSc-ILD vs HC"	-0.185094629822435	TRUE	-0.149459243713662	FALSE	0.0356353861087723	0.238428786492747
"Memory_tissue_B"	"j2_l3_only13"	"IPF/FO23-1-06170"	"IPF vs HC"	0.694534586218103	TRUE	0.499709326866368	FALSE	0.194825259351736	0.389877172342304
"Memory_tissue_B"	"j2_l3_only13"	"IPF/FO23-1-06170"	"SSc-ILD vs IPF"	-0.879629216040538	TRUE	-0.64916857058003	FALSE	0.230460645460508	0.355008938979581
"Memory_tissue_B"	"j2_l3_only13"	"IPF/FO23-1-09473"	"SSc-ILD vs HC"	-0.197287651608773	TRUE	-0.149459243713662	FALSE	0.0478284078951102	0.320009701017496
"Memory_tissue_B"	"j2_l3_only13"	"IPF/FO23-1-09473"	"IPF vs HC"	0.190812288913328	TRUE	0.499709326866368	FALSE	0.308897037953039	0.618153437099334
"Memory_tissue_B"	"j2_l3_only13"	"IPF/FO23-1-09473"	"SSc-ILD vs IPF"	-0.388099940522101	TRUE	-0.64916857058003	FALSE	0.261068630057929	0.402158456045808
"Memory_tissue_B"	"j2_l3_only13"	"SSC/05957/17B"	"SSc-ILD vs HC"	-0.136083091429389	TRUE	-0.149459243713662	FALSE	0.0133761522842734	0.0894969889577375
"Memory_tissue_B"	"j2_l3_only13"	"SSC/05957/17B"	"IPF vs HC"	-0.00424074749408539	TRUE	0.499709326866368	TRUE	0.503950074360453	1.00848642854173
"Memory_tissue_B"	"j2_l3_only13"	"SSC/05957/17B"	"SSc-ILD vs IPF"	-0.131842343935304	TRUE	-0.64916857058003	FALSE	0.517326226644727	0.796905842472468
"Memory_tissue_B"	"j2_l3_only13"	"SSC/07998/15A"	"SSc-ILD vs HC"	-0.229814682745559	TRUE	-0.149459243713662	FALSE	0.0803554390318967	0.537641145741668
"Memory_tissue_B"	"j2_l3_only13"	"SSC/07998/15A"	"IPF vs HC"	0.505062659043281	TRUE	0.499709326866368	FALSE	0.00535333217691386	0.0107128922537511
"Memory_tissue_B"	"j2_l3_only13"	"SSC/07998/15A"	"SSc-ILD vs IPF"	-0.734877341788841	TRUE	-0.64916857058003	FALSE	0.0857087712088105	0.132028528633526
"Memory_tissue_B"	"j2_l3_only13"	"SSC/15491/14"	"SSc-ILD vs HC"	-0.37821450683479	TRUE	-0.149459243713662	FALSE	0.228755263121128	1.53055279444196
"Memory_tissue_B"	"j2_l3_only13"	"SSC/15491/14"	"IPF vs HC"	0.392104392612238	TRUE	0.499709326866368	FALSE	0.107604934254129	0.215335052737379
"Memory_tissue_B"	"j2_l3_only13"	"SSC/15491/14"	"SSc-ILD vs IPF"	-0.770318899447029	TRUE	-0.64916857058003	FALSE	0.121150328866998	0.18662383602267
"Memory_tissue_B"	"j2_l3_only13"	"SSC/23-105334B1"	"SSc-ILD vs HC"	0.459825031891588	TRUE	-0.149459243713662	TRUE	0.60928427560525	4.07659145373793
"Memory_tissue_B"	"j2_l3_only13"	"SSC/23-105334B1"	"IPF vs HC"	0.857773742745888	TRUE	0.499709326866368	FALSE	0.35806441587952	0.71654539274844
"Memory_tissue_B"	"j2_l3_only13"	"SSC/23-105334B1"	"SSc-ILD vs IPF"	-0.3979487108543	TRUE	-0.64916857058003	FALSE	0.25121985972573	0.386987095664946
"Memory_tissue_B"	"j2_l3_only13"	"SSC/FO20-I-08293B1"	"SSc-ILD vs HC"	-0.314983510260562	TRUE	-0.149459243713662	FALSE	0.165524266546899	1.10748764970345
"Memory_tissue_B"	"j2_l3_only13"	"SSC/FO20-I-08293B1"	"IPF vs HC"	0.602613891914123	TRUE	0.499709326866368	FALSE	0.102904565047756	0.205928846061492
"Memory_tissue_B"	"j2_l3_only13"	"SSC/FO20-I-08293B1"	"SSc-ILD vs IPF"	-0.917597402174685	TRUE	-0.64916857058003	FALSE	0.268428831594655	0.413496345571405
"Memory_tissue_B"	"j2_l3_only13"	"SSC/FO21-1-01756B1"	"SSc-ILD vs HC"	-0.215162678641834	TRUE	-0.149459243713662	FALSE	0.0657034349281715	0.439607703716524
"Memory_tissue_B"	"j2_l3_only13"	"SSC/FO21-1-01756B1"	"IPF vs HC"	0.490346665133447	TRUE	0.499709326866368	FALSE	0.00936266173292083	0.0187362156948986
"Memory_tissue_B"	"j2_l3_only13"	"SSC/FO21-1-01756B1"	"SSc-ILD vs IPF"	-0.705509343775281	TRUE	-0.64916857058003	FALSE	0.0563407731952506	0.0867891265051699
