cohort	panel	metric	contrast	numerator_median	denominator_median	median_difference	descriptive_direction	same_bin_direction	direction_matches_same_bin
"j2_l3_only13"	"Mature_B_core"	"strict_same_bin_fraction"	"SSc-ILD vs HC"	0.000354840299725722	0.000940203083866115	-0.000585362784140393	"negative"	"negative"	TRUE
"j2_l3_only13"	"Mature_B_core"	"strict_rook_fraction"	"SSc-ILD vs HC"	0.00216839525684934	0.00394885295223768	-0.00178045769538834	"negative"	"negative"	TRUE
"j2_l3_only13"	"Mature_B_core"	"panel_cpm_total"	"SSc-ILD vs HC"	184.873249043352	126.968346252263	57.904902791089	"positive"	"negative"	FALSE
"j2_l3_only13"	"ILD_plasma_cell"	"strict_same_bin_fraction"	"SSc-ILD vs HC"	0.00221727886479339	0.00385483264385107	-0.00163755377905768	"negative"	"negative"	TRUE
"j2_l3_only13"	"ILD_plasma_cell"	"strict_rook_fraction"	"SSc-ILD vs HC"	0.0104516348977895	0.0217186912373073	-0.0112670563395179	"negative"	"negative"	TRUE
"j2_l3_only13"	"ILD_plasma_cell"	"panel_cpm_total"	"SSc-ILD vs HC"	497.333052536091	383.350276046426	113.982776489665	"positive"	"negative"	FALSE
"j2_l3_only13"	"IgA_mucosal_plasma"	"strict_same_bin_fraction"	"SSc-ILD vs HC"	0.0018510155437606	0.000865950813993765	0.000985064729766835	"positive"	"positive"	TRUE
"j2_l3_only13"	"IgA_mucosal_plasma"	"strict_rook_fraction"	"SSc-ILD vs HC"	0.0074332468443898	0.00695750282060925	0.000475744023780551	"positive"	"positive"	TRUE
"j2_l3_only13"	"IgA_mucosal_plasma"	"panel_cpm_total"	"SSc-ILD vs HC"	332.88343890093	225.047148661183	107.836290239747	"positive"	"positive"	TRUE
"j2_l3_only13"	"GC_activated_B"	"strict_same_bin_fraction"	"SSc-ILD vs HC"	0	0.000188040616773223	-0.000188040616773223	"negative"	"negative"	TRUE
"j2_l3_only13"	"GC_activated_B"	"strict_rook_fraction"	"SSc-ILD vs HC"	0.000478622871594587	0.00393184796854522	-0.00345322509695063	"negative"	"negative"	TRUE
"j2_l3_only13"	"GC_activated_B"	"panel_cpm_total"	"SSc-ILD vs HC"	202.67559172502	181.778883431734	20.896708293286	"positive"	"negative"	FALSE
"j2_l3_only13"	"Naive_B"	"strict_same_bin_fraction"	"SSc-ILD vs HC"	0	0	0	"zero"	"zero"	TRUE
"j2_l3_only13"	"Naive_B"	"strict_rook_fraction"	"SSc-ILD vs HC"	0	0	0	"zero"	"zero"	TRUE
"j2_l3_only13"	"Naive_B"	"panel_cpm_total"	"SSc-ILD vs HC"	245.353454385603	256.332321679097	-10.9788672934945	"negative"	"zero"	FALSE
"j2_l3_only13"	"Memory_tissue_B"	"strict_same_bin_fraction"	"SSc-ILD vs HC"	0.000239311435797294	0.000564121850319669	-0.000324810414522375	"negative"	"negative"	TRUE
"j2_l3_only13"	"Memory_tissue_B"	"strict_rook_fraction"	"SSc-ILD vs HC"	0.00166967059094221	0.00338473110191801	-0.0017150605109758	"negative"	"negative"	TRUE
"j2_l3_only13"	"Memory_tissue_B"	"panel_cpm_total"	"SSc-ILD vs HC"	59.5043235584189	41.0732438621171	18.4310796963017	"positive"	"negative"	FALSE
"primary15"	"Mature_B_core"	"strict_same_bin_fraction"	"SSc-ILD vs HC"	0.000449438202247191	0.00218398398976046	-0.00173454578751327	"negative"	"negative"	TRUE
"primary15"	"Mature_B_core"	"strict_rook_fraction"	"SSc-ILD vs HC"	0.00253903770470992	0.0101405722569435	-0.00760153455223362	"negative"	"negative"	TRUE
"primary15"	"Mature_B_core"	"panel_cpm_total"	"SSc-ILD vs HC"	125.414336147928	122.954807468156	2.45952867977249	"positive"	"negative"	FALSE
"primary15"	"ILD_plasma_cell"	"strict_same_bin_fraction"	"SSc-ILD vs HC"	0.00241208581947442	0.00878294611323513	-0.00637086029376072	"negative"	"negative"	TRUE
"primary15"	"ILD_plasma_cell"	"strict_rook_fraction"	"SSc-ILD vs HC"	0.0107909102450171	0.0444816865804442	-0.0336907763354271	"negative"	"negative"	TRUE
"primary15"	"ILD_plasma_cell"	"panel_cpm_total"	"SSc-ILD vs HC"	537.548431261976	491.09879666293	46.449634599046	"positive"	"negative"	FALSE
"primary15"	"IgA_mucosal_plasma"	"strict_same_bin_fraction"	"SSc-ILD vs HC"	0.00190427827853244	0.00416319014638593	-0.00225891186785349	"negative"	"negative"	TRUE
"primary15"	"IgA_mucosal_plasma"	"strict_rook_fraction"	"SSc-ILD vs HC"	0.00812492065507173	0.0213737004979143	-0.0132487798428425	"negative"	"negative"	TRUE
"primary15"	"IgA_mucosal_plasma"	"panel_cpm_total"	"SSc-ILD vs HC"	382.11950071963	340.730830586881	41.3886701327495	"positive"	"negative"	FALSE
"primary15"	"GC_activated_B"	"strict_same_bin_fraction"	"SSc-ILD vs HC"	0	0.000346061844831818	-0.000346061844831818	"negative"	"negative"	TRUE
"primary15"	"GC_activated_B"	"strict_rook_fraction"	"SSc-ILD vs HC"	0.000507807540941983	0.00417540123135798	-0.003667593690416	"negative"	"negative"	TRUE
"primary15"	"GC_activated_B"	"panel_cpm_total"	"SSc-ILD vs HC"	206.155261635842	197.195486337455	8.959775298387	"positive"	"negative"	FALSE
"primary15"	"Naive_B"	"strict_same_bin_fraction"	"SSc-ILD vs HC"	0	0.000252041536445206	-0.000252041536445206	"negative"	"negative"	TRUE
"primary15"	"Naive_B"	"strict_rook_fraction"	"SSc-ILD vs HC"	0	0.00191551567698356	-0.00191551567698356	"negative"	"negative"	TRUE
"primary15"	"Naive_B"	"panel_cpm_total"	"SSc-ILD vs HC"	284.417907256856	272.778206937419	11.639700319437	"positive"	"negative"	FALSE
"primary15"	"Memory_tissue_B"	"strict_same_bin_fraction"	"SSc-ILD vs HC"	0.000253903770470992	0.00194553506569819	-0.0016916312952272	"negative"	"negative"	TRUE
"primary15"	"Memory_tissue_B"	"strict_rook_fraction"	"SSc-ILD vs HC"	0.00224719101123596	0.0118748436233454	-0.0096276526121094	"negative"	"negative"	TRUE
"primary15"	"Memory_tissue_B"	"panel_cpm_total"	"SSc-ILD vs HC"	61.5650772221772	50.8705535793482	10.694523642829	"positive"	"negative"	FALSE
"j2_l3_only13"	"Mature_B_core"	"strict_same_bin_fraction"	"IPF vs HC"	0.00126543563939843	0.000940203083866115	0.000325232555532315	"positive"	"positive"	TRUE
"j2_l3_only13"	"Mature_B_core"	"strict_rook_fraction"	"IPF vs HC"	0.00724325665360689	0.00394885295223768	0.0032944037013692	"positive"	"positive"	TRUE
"j2_l3_only13"	"Mature_B_core"	"panel_cpm_total"	"IPF vs HC"	200.541842433355	126.968346252263	73.5734961810915	"positive"	"positive"	TRUE
"j2_l3_only13"	"ILD_plasma_cell"	"strict_same_bin_fraction"	"IPF vs HC"	0.00587577312392454	0.00385483264385107	0.00202094048007347	"positive"	"positive"	TRUE
"j2_l3_only13"	"ILD_plasma_cell"	"strict_rook_fraction"	"IPF vs HC"	0.0270187029065475	0.0217186912373073	0.00530001166924015	"positive"	"positive"	TRUE
"j2_l3_only13"	"ILD_plasma_cell"	"panel_cpm_total"	"IPF vs HC"	464.366637248723	383.350276046426	81.0163612022965	"positive"	"positive"	TRUE
"j2_l3_only13"	"IgA_mucosal_plasma"	"strict_same_bin_fraction"	"IPF vs HC"	0.00237750668668865	0.000865950813993765	0.00151155587269489	"positive"	"positive"	TRUE
"j2_l3_only13"	"IgA_mucosal_plasma"	"strict_rook_fraction"	"IPF vs HC"	0.0134950459351881	0.00695750282060925	0.00653754311457885	"positive"	"positive"	TRUE
"j2_l3_only13"	"IgA_mucosal_plasma"	"panel_cpm_total"	"IPF vs HC"	302.187734016024	225.047148661183	77.140585354841	"positive"	"positive"	TRUE
"j2_l3_only13"	"GC_activated_B"	"strict_same_bin_fraction"	"IPF vs HC"	0.000279955207166854	0.000188040616773223	9.19145903936305e-05	"positive"	"positive"	TRUE
"j2_l3_only13"	"GC_activated_B"	"strict_rook_fraction"	"IPF vs HC"	0.0027526581400041	0.00393184796854522	-0.00117918982854112	"negative"	"positive"	FALSE
"j2_l3_only13"	"GC_activated_B"	"panel_cpm_total"	"IPF vs HC"	195.536114027597	181.778883431734	13.7572305958635	"positive"	"positive"	TRUE
"j2_l3_only13"	"Naive_B"	"strict_same_bin_fraction"	"IPF vs HC"	0	0	0	"zero"	"zero"	TRUE
"j2_l3_only13"	"Naive_B"	"strict_rook_fraction"	"IPF vs HC"	0.000279485746226943	0	0.000279485746226943	"positive"	"zero"	FALSE
"j2_l3_only13"	"Naive_B"	"panel_cpm_total"	"IPF vs HC"	227.067696851977	256.332321679097	-29.26462482712	"negative"	"zero"	FALSE
"j2_l3_only13"	"Memory_tissue_B"	"strict_same_bin_fraction"	"IPF vs HC"	0.000912203565926156	0.000564121850319669	0.000348081715606488	"positive"	"positive"	TRUE
"j2_l3_only13"	"Memory_tissue_B"	"strict_rook_fraction"	"IPF vs HC"	0.00498799623034838	0.00338473110191801	0.00160326512843037	"positive"	"positive"	TRUE
"j2_l3_only13"	"Memory_tissue_B"	"panel_cpm_total"	"IPF vs HC"	52.859225736192	41.0732438621171	11.7859818740749	"positive"	"positive"	TRUE
"primary15"	"Mature_B_core"	"strict_same_bin_fraction"	"IPF vs HC"	0.00126543563939843	0.00218398398976046	-0.000918548350362028	"negative"	"negative"	TRUE
"primary15"	"Mature_B_core"	"strict_rook_fraction"	"IPF vs HC"	0.00724325665360689	0.0101405722569435	-0.00289731560333666	"negative"	"negative"	TRUE
"primary15"	"Mature_B_core"	"panel_cpm_total"	"IPF vs HC"	200.541842433355	122.954807468156	77.587034965199	"positive"	"negative"	FALSE
"primary15"	"ILD_plasma_cell"	"strict_same_bin_fraction"	"IPF vs HC"	0.00587577312392454	0.00878294611323513	-0.0029071729893106	"negative"	"negative"	TRUE
"primary15"	"ILD_plasma_cell"	"strict_rook_fraction"	"IPF vs HC"	0.0270187029065475	0.0444816865804442	-0.0174629836738967	"negative"	"negative"	TRUE
"primary15"	"ILD_plasma_cell"	"panel_cpm_total"	"IPF vs HC"	464.366637248723	491.09879666293	-26.7321594142075	"negative"	"negative"	TRUE
"primary15"	"IgA_mucosal_plasma"	"strict_same_bin_fraction"	"IPF vs HC"	0.00237750668668865	0.00416319014638593	-0.00178568345969728	"negative"	"negative"	TRUE
"primary15"	"IgA_mucosal_plasma"	"strict_rook_fraction"	"IPF vs HC"	0.0134950459351881	0.0213737004979143	-0.00787865456272617	"negative"	"negative"	TRUE
"primary15"	"IgA_mucosal_plasma"	"panel_cpm_total"	"IPF vs HC"	302.187734016024	340.730830586881	-38.5430965708565	"negative"	"negative"	TRUE
"primary15"	"GC_activated_B"	"strict_same_bin_fraction"	"IPF vs HC"	0.000279955207166854	0.000346061844831818	-6.6106637664964e-05	"negative"	"negative"	TRUE
"primary15"	"GC_activated_B"	"strict_rook_fraction"	"IPF vs HC"	0.0027526581400041	0.00417540123135798	-0.00142274309135388	"negative"	"negative"	TRUE
"primary15"	"GC_activated_B"	"panel_cpm_total"	"IPF vs HC"	195.536114027597	197.195486337455	-1.65937230985753	"negative"	"negative"	TRUE
"primary15"	"Naive_B"	"strict_same_bin_fraction"	"IPF vs HC"	0	0.000252041536445206	-0.000252041536445206	"negative"	"negative"	TRUE
"primary15"	"Naive_B"	"strict_rook_fraction"	"IPF vs HC"	0.000279485746226943	0.00191551567698356	-0.00163602993075662	"negative"	"negative"	TRUE
"primary15"	"Naive_B"	"panel_cpm_total"	"IPF vs HC"	227.067696851977	272.778206937419	-45.710510085442	"negative"	"negative"	TRUE
"primary15"	"Memory_tissue_B"	"strict_same_bin_fraction"	"IPF vs HC"	0.000912203565926156	0.00194553506569819	-0.00103333149977204	"negative"	"negative"	TRUE
"primary15"	"Memory_tissue_B"	"strict_rook_fraction"	"IPF vs HC"	0.00498799623034838	0.0118748436233454	-0.00688684739299698	"negative"	"negative"	TRUE
"primary15"	"Memory_tissue_B"	"panel_cpm_total"	"IPF vs HC"	52.859225736192	50.8705535793482	1.9886721568438	"positive"	"negative"	FALSE
"j2_l3_only13"	"Mature_B_core"	"strict_same_bin_fraction"	"SSc-ILD vs IPF"	0.000354840299725722	0.00126543563939843	-0.000910595339672708	"negative"	"negative"	TRUE
"j2_l3_only13"	"Mature_B_core"	"strict_rook_fraction"	"SSc-ILD vs IPF"	0.00216839525684934	0.00724325665360689	-0.00507486139675755	"negative"	"negative"	TRUE
"j2_l3_only13"	"Mature_B_core"	"panel_cpm_total"	"SSc-ILD vs IPF"	184.873249043352	200.541842433355	-15.6685933900025	"negative"	"negative"	TRUE
"j2_l3_only13"	"ILD_plasma_cell"	"strict_same_bin_fraction"	"SSc-ILD vs IPF"	0.00221727886479339	0.00587577312392454	-0.00365849425913115	"negative"	"negative"	TRUE
"j2_l3_only13"	"ILD_plasma_cell"	"strict_rook_fraction"	"SSc-ILD vs IPF"	0.0104516348977895	0.0270187029065475	-0.016567068008758	"negative"	"negative"	TRUE
"j2_l3_only13"	"ILD_plasma_cell"	"panel_cpm_total"	"SSc-ILD vs IPF"	497.333052536091	464.366637248723	32.966415287368	"positive"	"negative"	FALSE
"j2_l3_only13"	"IgA_mucosal_plasma"	"strict_same_bin_fraction"	"SSc-ILD vs IPF"	0.0018510155437606	0.00237750668668865	-0.000526491142928055	"negative"	"negative"	TRUE
"j2_l3_only13"	"IgA_mucosal_plasma"	"strict_rook_fraction"	"SSc-ILD vs IPF"	0.0074332468443898	0.0134950459351881	-0.0060617990907983	"negative"	"negative"	TRUE
"j2_l3_only13"	"IgA_mucosal_plasma"	"panel_cpm_total"	"SSc-ILD vs IPF"	332.88343890093	302.187734016024	30.695704884906	"positive"	"negative"	FALSE
"j2_l3_only13"	"GC_activated_B"	"strict_same_bin_fraction"	"SSc-ILD vs IPF"	0	0.000279955207166854	-0.000279955207166854	"negative"	"negative"	TRUE
"j2_l3_only13"	"GC_activated_B"	"strict_rook_fraction"	"SSc-ILD vs IPF"	0.000478622871594587	0.0027526581400041	-0.00227403526840951	"negative"	"negative"	TRUE
"j2_l3_only13"	"GC_activated_B"	"panel_cpm_total"	"SSc-ILD vs IPF"	202.67559172502	195.536114027597	7.13947769742254	"positive"	"negative"	FALSE
"j2_l3_only13"	"Naive_B"	"strict_same_bin_fraction"	"SSc-ILD vs IPF"	0	0	0	"zero"	"zero"	TRUE
"j2_l3_only13"	"Naive_B"	"strict_rook_fraction"	"SSc-ILD vs IPF"	0	0.000279485746226943	-0.000279485746226943	"negative"	"zero"	FALSE
"j2_l3_only13"	"Naive_B"	"panel_cpm_total"	"SSc-ILD vs IPF"	245.353454385603	227.067696851977	18.2857575336255	"positive"	"zero"	FALSE
"j2_l3_only13"	"Memory_tissue_B"	"strict_same_bin_fraction"	"SSc-ILD vs IPF"	0.000239311435797294	0.000912203565926156	-0.000672892130128863	"negative"	"negative"	TRUE
"j2_l3_only13"	"Memory_tissue_B"	"strict_rook_fraction"	"SSc-ILD vs IPF"	0.00166967059094221	0.00498799623034838	-0.00331832563940617	"negative"	"negative"	TRUE
"j2_l3_only13"	"Memory_tissue_B"	"panel_cpm_total"	"SSc-ILD vs IPF"	59.5043235584189	52.859225736192	6.64509782222685	"positive"	"negative"	FALSE
"primary15"	"Mature_B_core"	"strict_same_bin_fraction"	"SSc-ILD vs IPF"	0.000449438202247191	0.00126543563939843	-0.000815997437151239	"negative"	"negative"	TRUE
"primary15"	"Mature_B_core"	"strict_rook_fraction"	"SSc-ILD vs IPF"	0.00253903770470992	0.00724325665360689	-0.00470421894889697	"negative"	"negative"	TRUE
"primary15"	"Mature_B_core"	"panel_cpm_total"	"SSc-ILD vs IPF"	125.414336147928	200.541842433355	-75.1275062854265	"negative"	"negative"	TRUE
"primary15"	"ILD_plasma_cell"	"strict_same_bin_fraction"	"SSc-ILD vs IPF"	0.00241208581947442	0.00587577312392454	-0.00346368730445012	"negative"	"negative"	TRUE
"primary15"	"ILD_plasma_cell"	"strict_rook_fraction"	"SSc-ILD vs IPF"	0.0107909102450171	0.0270187029065475	-0.0162277926615304	"negative"	"negative"	TRUE
"primary15"	"ILD_plasma_cell"	"panel_cpm_total"	"SSc-ILD vs IPF"	537.548431261976	464.366637248723	73.1817940132535	"positive"	"negative"	FALSE
"primary15"	"IgA_mucosal_plasma"	"strict_same_bin_fraction"	"SSc-ILD vs IPF"	0.00190427827853244	0.00237750668668865	-0.000473228408156215	"negative"	"negative"	TRUE
"primary15"	"IgA_mucosal_plasma"	"strict_rook_fraction"	"SSc-ILD vs IPF"	0.00812492065507173	0.0134950459351881	-0.00537012528011637	"negative"	"negative"	TRUE
"primary15"	"IgA_mucosal_plasma"	"panel_cpm_total"	"SSc-ILD vs IPF"	382.11950071963	302.187734016024	79.931766703606	"positive"	"negative"	FALSE
"primary15"	"GC_activated_B"	"strict_same_bin_fraction"	"SSc-ILD vs IPF"	0	0.000279955207166854	-0.000279955207166854	"negative"	"negative"	TRUE
"primary15"	"GC_activated_B"	"strict_rook_fraction"	"SSc-ILD vs IPF"	0.000507807540941983	0.0027526581400041	-0.00224485059906212	"negative"	"negative"	TRUE
"primary15"	"GC_activated_B"	"panel_cpm_total"	"SSc-ILD vs IPF"	206.155261635842	195.536114027597	10.6191476082445	"positive"	"negative"	FALSE
"primary15"	"Naive_B"	"strict_same_bin_fraction"	"SSc-ILD vs IPF"	0	0	0	"zero"	"zero"	TRUE
"primary15"	"Naive_B"	"strict_rook_fraction"	"SSc-ILD vs IPF"	0	0.000279485746226943	-0.000279485746226943	"negative"	"zero"	FALSE
"primary15"	"Naive_B"	"panel_cpm_total"	"SSc-ILD vs IPF"	284.417907256856	227.067696851977	57.350210404879	"positive"	"zero"	FALSE
"primary15"	"Memory_tissue_B"	"strict_same_bin_fraction"	"SSc-ILD vs IPF"	0.000253903770470992	0.000912203565926156	-0.000658299795455165	"negative"	"negative"	TRUE
"primary15"	"Memory_tissue_B"	"strict_rook_fraction"	"SSc-ILD vs IPF"	0.00224719101123596	0.00498799623034838	-0.00274080521911242	"negative"	"negative"	TRUE
"primary15"	"Memory_tissue_B"	"panel_cpm_total"	"SSc-ILD vs IPF"	61.5650772221772	52.859225736192	8.7058514859852	"positive"	"negative"	FALSE
