sample_id	group	chip_id	support_mode	supported_bin_n	metric	observed_value
"HC/NL-72"	"HC"	"Y40105L3"	"same_bin"	34	"max_rook_component_bin_n"	1
"HC/NL-72"	"HC"	"Y40105L3"	"same_bin"	34	"max_component_support_fraction"	0.0294117647058824
"HC/NL-72"	"HC"	"Y40105L3"	"same_bin"	34	"connected_component_n"	34
"HC/NL-72"	"HC"	"Y40105L3"	"same_bin"	34	"median_nearest_neighbor_distance"	292.743003186782
"HC/NL-72"	"HC"	"Y40105L3"	"rook"	162	"max_rook_component_bin_n"	9
"HC/NL-72"	"HC"	"Y40105L3"	"rook"	162	"max_component_support_fraction"	0.0555555555555556
"HC/NL-72"	"HC"	"Y40105L3"	"rook"	162	"connected_component_n"	66
"HC/NL-72"	"HC"	"Y40105L3"	"rook"	162	"median_nearest_neighbor_distance"	50
"IPF/FO23-1-06168"	"IPF"	"Y40105L3"	"same_bin"	37	"max_rook_component_bin_n"	28
"IPF/FO23-1-06168"	"IPF"	"Y40105L3"	"same_bin"	37	"max_component_support_fraction"	0.756756756756757
"IPF/FO23-1-06168"	"IPF"	"Y40105L3"	"same_bin"	37	"connected_component_n"	10
"IPF/FO23-1-06168"	"IPF"	"Y40105L3"	"same_bin"	37	"median_nearest_neighbor_distance"	50
"IPF/FO23-1-06168"	"IPF"	"Y40105L3"	"rook"	129	"max_rook_component_bin_n"	58
"IPF/FO23-1-06168"	"IPF"	"Y40105L3"	"rook"	129	"max_component_support_fraction"	0.449612403100775
"IPF/FO23-1-06168"	"IPF"	"Y40105L3"	"rook"	129	"connected_component_n"	33
"IPF/FO23-1-06168"	"IPF"	"Y40105L3"	"rook"	129	"median_nearest_neighbor_distance"	50
"IPF/FO23-1-06170"	"IPF"	"Y40105L3"	"same_bin"	8	"max_rook_component_bin_n"	1
"IPF/FO23-1-06170"	"IPF"	"Y40105L3"	"same_bin"	8	"max_component_support_fraction"	0.125
"IPF/FO23-1-06170"	"IPF"	"Y40105L3"	"same_bin"	8	"connected_component_n"	8
"IPF/FO23-1-06170"	"IPF"	"Y40105L3"	"same_bin"	8	"median_nearest_neighbor_distance"	850
"IPF/FO23-1-06170"	"IPF"	"Y40105L3"	"rook"	43	"max_rook_component_bin_n"	3
"IPF/FO23-1-06170"	"IPF"	"Y40105L3"	"rook"	43	"max_component_support_fraction"	0.0697674418604651
"IPF/FO23-1-06170"	"IPF"	"Y40105L3"	"rook"	43	"connected_component_n"	21
"IPF/FO23-1-06170"	"IPF"	"Y40105L3"	"rook"	43	"median_nearest_neighbor_distance"	50
"SSC/05957/17B"	"SSc-ILD"	"Y40105L3"	"same_bin"	0	"max_rook_component_bin_n"	0
"SSC/05957/17B"	"SSc-ILD"	"Y40105L3"	"same_bin"	0	"max_component_support_fraction"	NA
"SSC/05957/17B"	"SSc-ILD"	"Y40105L3"	"same_bin"	0	"connected_component_n"	0
"SSC/05957/17B"	"SSc-ILD"	"Y40105L3"	"same_bin"	0	"median_nearest_neighbor_distance"	NA
"SSC/05957/17B"	"SSc-ILD"	"Y40105L3"	"rook"	4	"max_rook_component_bin_n"	2
"SSC/05957/17B"	"SSc-ILD"	"Y40105L3"	"rook"	4	"max_component_support_fraction"	0.5
"SSC/05957/17B"	"SSc-ILD"	"Y40105L3"	"rook"	4	"connected_component_n"	2
"SSC/05957/17B"	"SSc-ILD"	"Y40105L3"	"rook"	4	"median_nearest_neighbor_distance"	50
"SSC/07998/15A"	"SSc-ILD"	"Y40105L3"	"same_bin"	12	"max_rook_component_bin_n"	1
"SSC/07998/15A"	"SSc-ILD"	"Y40105L3"	"same_bin"	12	"max_component_support_fraction"	0.0833333333333333
"SSC/07998/15A"	"SSc-ILD"	"Y40105L3"	"same_bin"	12	"connected_component_n"	12
"SSC/07998/15A"	"SSc-ILD"	"Y40105L3"	"same_bin"	12	"median_nearest_neighbor_distance"	425.831751254187
"SSC/07998/15A"	"SSc-ILD"	"Y40105L3"	"rook"	61	"max_rook_component_bin_n"	3
"SSC/07998/15A"	"SSc-ILD"	"Y40105L3"	"rook"	61	"max_component_support_fraction"	0.0491803278688525
"SSC/07998/15A"	"SSc-ILD"	"Y40105L3"	"rook"	61	"connected_component_n"	29
"SSC/07998/15A"	"SSc-ILD"	"Y40105L3"	"rook"	61	"median_nearest_neighbor_distance"	50
"SSC/15491/14"	"SSc-ILD"	"Y40105L3"	"same_bin"	65	"max_rook_component_bin_n"	29
"SSC/15491/14"	"SSc-ILD"	"Y40105L3"	"same_bin"	65	"max_component_support_fraction"	0.446153846153846
"SSC/15491/14"	"SSc-ILD"	"Y40105L3"	"same_bin"	65	"connected_component_n"	36
"SSC/15491/14"	"SSc-ILD"	"Y40105L3"	"same_bin"	65	"median_nearest_neighbor_distance"	70.7106781186548
"SSC/15491/14"	"SSc-ILD"	"Y40105L3"	"rook"	243	"max_rook_component_bin_n"	70
"SSC/15491/14"	"SSc-ILD"	"Y40105L3"	"rook"	243	"max_component_support_fraction"	0.288065843621399
"SSC/15491/14"	"SSc-ILD"	"Y40105L3"	"rook"	243	"connected_component_n"	71
"SSC/15491/14"	"SSc-ILD"	"Y40105L3"	"rook"	243	"median_nearest_neighbor_distance"	50
