sample_id	support_mode	depth_metric	support_bin_n	tissue_bin_n	depth_p90_threshold	actual_top10_region_bin_n	actual_top10_region_fraction	observed_supported_bin_top10_overlap_n	observed_supported_bin_top10_overlap_fraction	random_median	random_q1	random_q3	observed_to_random_median_ratio	descriptive_only_no_inference
"HC/NL-72"	"same_bin"	"total_counts"	34	9919	736.200000000001	992	0.100010081661458	18	0.529411764705882	0.0882352941176471	0.0588235294117647	0.117647058823529	6	TRUE
"HC/NL-72"	"same_bin"	"n_genes"	34	9919	565.200000000001	992	0.100010081661458	18	0.529411764705882	0.0882352941176471	0.0588235294117647	0.117647058823529	6	TRUE
"HC/NL-72"	"rook"	"total_counts"	162	9919	736.200000000001	992	0.100010081661458	67	0.41358024691358	0.0987654320987654	0.0864197530864198	0.117283950617284	4.1875	TRUE
"HC/NL-72"	"rook"	"n_genes"	162	9919	565.200000000001	992	0.100010081661458	66	0.407407407407407	0.0987654320987654	0.0864197530864198	0.117283950617284	4.125	TRUE
"IPF/FO23-1-06168"	"same_bin"	"total_counts"	37	5358	490	539	0.100597237775289	33	0.891891891891892	0.108108108108108	0.0540540540540541	0.135135135135135	8.25	TRUE
"IPF/FO23-1-06168"	"same_bin"	"n_genes"	37	5358	388.3	536	0.100037327360956	33	0.891891891891892	0.108108108108108	0.0540540540540541	0.135135135135135	8.25	TRUE
"IPF/FO23-1-06168"	"rook"	"total_counts"	129	5358	490	539	0.100597237775289	90	0.697674418604651	0.10077519379845	0.0852713178294574	0.116279069767442	6.92307692307692	TRUE
"IPF/FO23-1-06168"	"rook"	"n_genes"	129	5358	388.3	536	0.100037327360956	90	0.697674418604651	0.10077519379845	0.0775193798449612	0.116279069767442	6.92307692307692	TRUE
"IPF/FO23-1-06170"	"same_bin"	"total_counts"	8	7156	336.5	716	0.100055897149245	1	0.125	0.125	0	0.125	1	TRUE
"IPF/FO23-1-06170"	"same_bin"	"n_genes"	8	7156	272	726	0.10145332588038	1	0.125	0.125	0	0.125	1	TRUE
"IPF/FO23-1-06170"	"rook"	"total_counts"	43	7156	336.5	716	0.100055897149245	4	0.0930232558139535	0.0930232558139535	0.0697674418604651	0.13953488372093	1	TRUE
"IPF/FO23-1-06170"	"rook"	"n_genes"	43	7156	272	726	0.10145332588038	4	0.0930232558139535	0.0930232558139535	0.0697674418604651	0.13953488372093	1	TRUE
"SSC/05957/17B"	"same_bin"	"total_counts"	0	7325	174	743	0.101433447098976	0	NA	NA	NA	NA	NA	TRUE
"SSC/05957/17B"	"same_bin"	"n_genes"	0	7325	145	737	0.10061433447099	0	NA	NA	NA	NA	NA	TRUE
"SSC/05957/17B"	"rook"	"total_counts"	4	7325	174	743	0.101433447098976	4	1	0	0	0.25	NA	TRUE
"SSC/05957/17B"	"rook"	"n_genes"	4	7325	145	737	0.10061433447099	4	1	0	0	0.25	NA	TRUE
"SSC/07998/15A"	"same_bin"	"total_counts"	12	6477	599.400000000001	648	0.100046317739694	2	0.166666666666667	0.0833333333333333	0	0.166666666666667	2	TRUE
"SSC/07998/15A"	"same_bin"	"n_genes"	12	6477	469.400000000001	648	0.100046317739694	3	0.25	0.0833333333333333	0	0.166666666666667	3	TRUE
"SSC/07998/15A"	"rook"	"total_counts"	61	6477	599.400000000001	648	0.100046317739694	27	0.442622950819672	0.0983606557377049	0.0819672131147541	0.131147540983607	4.5	TRUE
"SSC/07998/15A"	"rook"	"n_genes"	61	6477	469.400000000001	648	0.100046317739694	25	0.409836065573771	0.0983606557377049	0.0819672131147541	0.131147540983607	4.16666666666667	TRUE
"SSC/15491/14"	"same_bin"	"total_counts"	65	10213	701	1025	0.10036228336434	54	0.830769230769231	0.0923076923076923	0.0769230769230769	0.123076923076923	9	TRUE
"SSC/15491/14"	"same_bin"	"n_genes"	65	10213	537	1023	0.100166454518751	53	0.815384615384615	0.0923076923076923	0.0769230769230769	0.123076923076923	8.83333333333333	TRUE
"SSC/15491/14"	"rook"	"total_counts"	243	10213	701	1025	0.10036228336434	161	0.662551440329218	0.0987654320987654	0.0864197530864198	0.11522633744856	6.70833333333333	TRUE
"SSC/15491/14"	"rook"	"n_genes"	243	10213	537	1023	0.100166454518751	162	0.666666666666667	0.0987654320987654	0.0864197530864198	0.111111111111111	6.75	TRUE
